siret;siren;nom;adresse;type d'établissement;enseignement
34187541700048;341875417;INST DEVELOPPEMENT CONSEIL D'ENTREPRISE;3 PL ANDRE LEROY 49100 ANGERS;Enseignement supérieur;Inconnu
19490970100055;194909701;UNIVERSITE D'ANGERS;2 BD DE LAVOISIER 49000 ANGERS;Enseignement supérieur;UFR STRUCTURES MATERIAUX
19490970100154;194909701;UNIVERSITE D'ANGERS;41 PL LOUIS IMBACH 49100 ANGERS;Enseignement supérieur;IUP HOTELLERIE TOURISME TRANSPORT
19490970100162;194909701;UNIVERSITE D'ANGERS;16 BD DAVIERS 49100 ANGERS;Enseignement supérieur;INSTITUT UNIV PROFESS INGENIERIE SANTE
40207592300019;402075923;SARL PREPA PLUS;3 RUE D ALSACE 49100 ANGERS;Enseignement supérieur;Inconnu
84903689200024;849036892;ESUP ANGERS;16 PL LA FAYETTE 49000 ANGERS;Enseignement supérieur;Inconnu
34238263700037;342382637;ASSOCIATION GROUPE ESA;55 RUE RABELAIS 49000 ANGERS;Enseignement supérieur;ECOLE SUPERIEURE FORMATION AGRICOLE
34187541700030;341875417;INST DEVELOPPEMENT CONSEIL D'ENTREPRISE; PL MICHEL DEBRE 49100 ANGERS;Enseignement supérieur;Inconnu
33214983000025;332149830;SERV ELECTRON INFORMAT OUEST;10 BD JEAN JEANNETEAU 49100 ANGERS;Enseignement supérieur;Inconnu
38246285100025;382462851;ECOLE SUPERIEURE D OPTIQUE DE L OUEST;10 RUE ALEXANDRE FLEMING 49000 ANGERS;Enseignement supérieur;Inconnu
32655555400012;326555554;INSTITUT DES METIERS DU NOTARIAT;17 RUE CHEVREUL 49100 ANGERS;Enseignement supérieur;Inconnu
79874596400022;798745964;OPEN CAMPUS D'ANGERS; RUE PHILIPPE LAPEYROUSE 49000 ANGERS;Enseignement supérieur;Inconnu
34768912700053;347689127;IFFEUROPE INSTITUT DE FORMATION FONDACIO EUROPE;11 RUE ALEXANDRE FLEMING 49000 ANGERS;Enseignement supérieur;Inconnu
32655555400038;326555554;INSTITUT DES METIERS DU NOTARIAT; RUE MAURICE POUZET 49000 ANGERS;Enseignement supérieur;Inconnu
32439762900076;324397629;CONSERVATOIRE NATIONAL DES ARTS ET METIERS DE LA REGION DES PAYS DE LA LOIRE - ASSOCIATION DE GESTION;2 BD DU RONCERAY 49100 ANGERS;Enseignement supérieur;CNAM D ANGERS
19490970100311;194909701;UNIVERSITE D'ANGERS;6 BD VICTOR BEAUSSIER 49000 ANGERS;Enseignement supérieur;SCE UNIV ACTIV PHYS ET SPORTIVES-SUAPS
19490970100279;194909701;UNIVERSITE D'ANGERS;7 ALL FRANCOIS MITTERRAND 49100 ANGERS;Enseignement supérieur;UFR ESTHUA TOURISME ET CULTURE
44344472400027;443444724;ESPL-ECOLE SUPERIEURE DES PAYS DE LOIRE;19 RUE LE NOTRE 49000 ANGERS;Enseignement supérieur;ESPL-IPAC BACHELOR FACTORY - MBWAY-
80131012900060;801310129;FORMAPRIV;32 BD AYRAULT 49100 ANGERS;Enseignement supérieur;PREPA DEFI
44929025300045;449290253;INSTITUT FRANCAIS FORMATION SUPERIEURE;70 RUE DU GRAND LAUNAY 49000 ANGERS;Enseignement supérieur;Inconnu
32380089600017;323800896;INST FORMATION EDUCATION PHYSIQ SPORTIVE;3 PL ANDRE LEROY 49100 ANGERS;Enseignement supérieur;Inconnu
32655555400046;326555554;INSTITUT DES METIERS DU NOTARIAT;35 BD PIERRE DE COUBERTIN 49000 ANGERS;Enseignement supérieur;Inconnu
19490970100329;194909701;UNIVERSITE D'ANGERS;2 BD VICTOR BEAUSSIER 49000 ANGERS;Enseignement supérieur;SCE UNIV INFORMATION ET ORIENTATION
19490970100337;194909701;UNIVERSITE D'ANGERS;42 RUE DE RENNES 49100 ANGERS;Enseignement supérieur;SCE UNIV FORMATION CONTINUE-SCUFC
19490970100352;194909701;UNIVERSITE D'ANGERS;19 RUE RENE ROUCHY 49100 ANGERS;Enseignement supérieur;SCE UNIVERSIT FORMATION CONTINUE
19490970100147;194909701;UNIVERSITE D'ANGERS;2 BD DE LAVOISIER 49000 ANGERS;Enseignement supérieur;INSTITUT UNIVER PROFESS INGENIERIE INDUS
19753472000051;197534720;ECOLE NATIONALE SUPERIEURE D'ARTS ET METIERS (ENSAM);2 BD DU RONCERAY 49100 ANGERS;Enseignement supérieur;CER D'ANGERS
20002591400017;200025914;ECOLE SUPERIEURE D'ART ET DE DESIGN TOURS ANGERS LE MANS;75 RUE BRESSIGNY 49100 ANGERS;Enseignement supérieur;Inconnu
50961850000060;509618500;ASS REGIONALE DES INSTITUTS DE FORMATION EN TRAVAIL SOCIAL PAYS DE LA LOIRE;6 RUE GEORGES MOREL 49000 ANGERS;Enseignement supérieur;ARIFTS -SAFRANTS
44344472400050;443444724;ESPL-ECOLE SUPERIEURE DES PAYS DE LOIRE;35 RUE DU NID DE PIE 49000 ANGERS;Enseignement supérieur;ESPL - IPAC BACHELOR FACTORY - MBWAY -
78601475300036;786014753;COURS PAVIOT ETUDES MEDICALES;24 RUE SAUMUROISE 49000 ANGERS;Enseignement supérieur;Inconnu
79874596400030;798745964;OPEN CAMPUS D'ANGERS; AV DE LATTRE DE TASSIGNY 49000 ANGERS;Enseignement supérieur;Inconnu
33214983000017;332149830;SERV ELECTRON INFORMAT OUEST;4 RUE MERLET DE LA BOULAYE 49000 ANGERS;Enseignement supérieur;Inconnu
30213447300164;302134473;INSTITUT NATIONAL DES FORMATIONS NOTARIALES;139 RUE CHATEAU D ORGEMONT 49000 ANGERS;Enseignement supérieur;Inconnu
19440984300936;194409843;UNIVERSITE DE NANTES;7 RUE DACIER 49100 ANGERS;Enseignement supérieur;ECOLE PRIMAIRE PUBLIQUE  ANNE DACIER
19490970100303;194909701;UNIVERSITE D'ANGERS;40 RUE DE RENNES 49100 ANGERS;Enseignement supérieur;Inconnu
19490970100386;194909701;UNIVERSITE D'ANGERS;13 ALL FRANCOIS MITTERRAND 49100 ANGERS;Enseignement supérieur;IAE ANGERS
20002591400058;200025914;ECOLE SUPERIEURE D'ART ET DE DESIGN TOURS ANGERS LE MANS;72 RUE BRESSIGNY 49100 ANGERS;Enseignement supérieur;Inconnu
44344472400019;443444724;ESPL-ECOLE SUPERIEURE DES PAYS DE LOIRE;20 RUE ALEXANDRE FLEMING 49000 ANGERS;Enseignement supérieur;Inconnu
19490970100204;194909701;UNIVERSITE D'ANGERS;16 BD DAVIERS 49100 ANGERS;Enseignement supérieur;UFR PHARMACIE
19490970100212;194909701;UNIVERSITE D'ANGERS;2 BD VICTOR BEAUSSIER 49000 ANGERS;Enseignement supérieur;SCE UNIV MEDECINE PREVENTIVE
19490970100360;194909701;UNIVERSITE D'ANGERS;5 RUE GASTON ALLARD 49000 ANGERS;Enseignement supérieur;CAFCO-CTRE UNIVERSITAIRE FORMATION CONTINUE
50842297900049;508422979;CAMPUS ACADEMY OUEST; RUE PHILIPPE LAPEYROUSE 49000 ANGERS;Enseignement supérieur;Inconnu
78611668100028;786116681;UNIVERSITE CATHOLIQUE DE L OUEST;3 PL ANDRE LEROY 49100 ANGERS;Enseignement supérieur;FACULTE DE THEOLOGIE ET PHILOSOPHIE
84135383200014;841353832;ESSCA INITIATIVES;1 RUE LAKANAL 49000 ANGERS;Enseignement supérieur;Inconnu
81538939000015;815389390;ESSCA DEVELOPPEMENT;1 RUE LAKANAL 49000 ANGERS;Enseignement supérieur;Inconnu
34926296400035;349262964;ECOL PRATIQ DIRIGEANT COMMERCIAUX FRANCE;132 AV DE LATTRE DE TASSIGNY 49000 ANGERS;Enseignement supérieur;Inconnu
34238263700011;342382637;ASSOCIATION GROUPE ESA;55 RUE RABELAIS 49000 ANGERS;Enseignement supérieur;Inconnu
19490970100287;194909701;UNIVERSITE D'ANGERS;62 AV NOTRE DAME DU LAC 49000 ANGERS;Enseignement supérieur;INST SCIENCES TECHNIQUE INGENIEUR
78611668100010;786116681;UNIVERSITE CATHOLIQUE DE L OUEST;3 PL ANDRE LEROY 49100 ANGERS;Enseignement supérieur;Inconnu
19490970100196;194909701;UNIVERSITE D'ANGERS;2 BD DE LAVOISIER 49000 ANGERS;Enseignement supérieur;UFR DE SCIENCES
19490970100378;194909701;UNIVERSITE D'ANGERS;19 RUE RENE ROUCHY 49100 ANGERS;Enseignement supérieur;SCE COMMUN ALTERNANCE ET FORMATION PROFESSIONNELLE
19492150800017;194921508;INSTITUT NATIONAL D'HORTICULTURE;2 RUE LE NOTRE 49000 ANGERS;Enseignement supérieur;INH ANGERS
19440984301017;194409843;UNIVERSITE DE NANTES;7 RUE DACIER 49100 ANGERS;Enseignement supérieur;ANTENNE INSPE ANGERS
31914982900016;319149829;ADEFEAP;21 RUE MERLET DE LA BOULAYE 49000 ANGERS;Enseignement supérieur;Inconnu
19490067600017;194900676;CTRE ENSEIGNEMENT RECHERCHE ENSAM ANGERS;2 BD DU RONCERAY 49100 ANGERS;Enseignement supérieur;Inconnu
19490970100014;194909701;UNIVERSITE D'ANGERS;30 RUE DES ARENES 49100 ANGERS;Enseignement supérieur;Inconnu
19490970100030;194909701;UNIVERSITE D'ANGERS;4 BD DE LAVOISIER 49000 ANGERS;Enseignement supérieur;INSTITUT UNIVERSITE TECHNOLOGIE
19490970100105;194909701;UNIVERSITE D'ANGERS;5 RUE LE NOTRE 49000 ANGERS;Enseignement supérieur;SCDU SERVICE DOCUMENTATION UNIVERSITAIRE
19490970100139;194909701;UNIVERSITE D'ANGERS;28 RUE VICTOR HUGO 49100 ANGERS;Enseignement supérieur;SCE MEDECINE PREVENT ENSEIGN SUPERIEUR
19492150800025;194921508;INSTITUT NATIONAL D'HORTICULTURE;2 RUE LE NOTRE 49000 ANGERS;Enseignement supérieur;ENIHP ANGERS
34768912700079;347689127;IFFEUROPE INSTITUT DE FORMATION FONDACIO EUROPE;2 RUE DE L ESVIERE 49100 ANGERS;Enseignement supérieur;Inconnu
44344472400084;443444724;ESPL-ECOLE SUPERIEURE DES PAYS DE LOIRE;18 RUE THIERS 49100 ANGERS;Enseignement supérieur;ESPL IPAC BACHELOR FACTORY MBWAY MY DIGITAL SCHOO
90038235900017;900382359;SAINT-THOMAS;3 PL ANDRE LEROY 49100 ANGERS;Enseignement supérieur;Inconnu
34187541700022;341875417;INST DEVELOPPEMENT CONSEIL D'ENTREPRISE;106 RUE DE FREMUR 49000 ANGERS;Enseignement supérieur;Inconnu
19490970100063;194909701;UNIVERSITE D'ANGERS;2 BD DE LAVOISIER 49000 ANGERS;Enseignement supérieur;UFR SCIENCES ENVIRONNEMENT
19490970100113;194909701;UNIVERSITE D'ANGERS;13 ALL FRANCOIS MITTERRAND 49100 ANGERS;Enseignement supérieur;UFR DROIT ECO ET GESTION
41151525700029;411515257;GEMO BRETAGNE PAYS DE LOIRE;23 RUE HOCHE 49100 ANGERS;Enseignement supérieur;Inconnu
50961850000011;509618500;ASS REGIONALE DES INSTITUTS DE FORMATION EN TRAVAIL SOCIAL PAYS DE LA LOIRE;6 RUE GEORGES MOREL 49000 ANGERS;Enseignement supérieur;Inconnu
78611722600039;786117226;INSTIT FORMAT RECHERCH INTERVENT SOCIALE;4 RUE GEORGES MOREL 49000 ANGERS;Enseignement supérieur;Inconnu
78611723400025;786117234;ECOLE NORMALE SOCIALE OUEST;6 RUE GEORGES MOREL 49000 ANGERS;Enseignement supérieur;Inconnu
78611672300010;786116723;ESSCA;1 RUE LAKANAL 49000 ANGERS;Enseignement supérieur;Inconnu
33389283400024;333892834;ISERPA;122 RUE DE FREMUR 49000 ANGERS;Enseignement supérieur;Inconnu
32655555400020;326555554;INSTITUT DES METIERS DU NOTARIAT;45 RUE JEAN DE LA FONTAINE 49000 ANGERS;Enseignement supérieur;Inconnu
40207592300035;402075923;SARL PREPA PLUS;66 BD DU ROI RENE 49100 ANGERS;Enseignement supérieur;Inconnu
13002809500011;130028095;COMUE ANGERS - LE MANS;40 RUE DE RENNES 49100 ANGERS;Enseignement supérieur;Inconnu
13000512700027;130005127;INSTITUT NATIONAL SUPERIEUR DES SCIENCES AGRONOMIQUES AGROALIMENTAIRES HORTICOLES ET DU PAYSAGE;2 RUE LE NOTRE 49000 ANGERS;Enseignement supérieur;Inconnu
13002622200039;130026222;INSTITUT NATIONAL D'ENSEIGNEMENT SUPERIEUR POUR L'AGRICULTURE L'ALIMENTATION ET L'ENVIRONNEMENT;2 RUE LE NOTRE 49000 ANGERS;Enseignement supérieur;INSTITUT AGRO RENNES-ANGERS - CAMPUS D'ANGERS
19440984300886;194409843;UNIVERSITE DE NANTES;7 RUE DACIER 49100 ANGERS;Enseignement supérieur;ANTENNE IUFM ANGERS
19490970100170;194909701;UNIVERSITE D'ANGERS;62 AV NOTRE DAME DU LAC 49000 ANGERS;Enseignement supérieur;INSTITUT UNIVER PROFESS INGENIERIE INDUS
50842297900031;508422979;CAMPUS ACADEMY OUEST;132 AV DE LATTRE DE TASSIGNY 49000 ANGERS;Enseignement supérieur;Inconnu
78611670700013;786116707;ECOLE TECHNIQUE SUPER CHIMIE DE L'OUEST;50 RUE MICHELET 49000 ANGERS;Enseignement supérieur;Inconnu
78611671500065;786116715;ECOLE SUPERIEURE ELECTRONIQUE DE L OUEST;10 BD JEAN JEANNETEAU 49100 ANGERS;Enseignement supérieur;Inconnu
44344472400043;443444724;ESPL-ECOLE SUPERIEURE DES PAYS DE LOIRE;299 AV GENERAL PATTON 49000 ANGERS;Enseignement supérieur;ESPL IPAC BACHELOR FACTORY MBWAY WIN MY DIGIT
44344472400076;443444724;ESPL-ECOLE SUPERIEURE DES PAYS DE LOIRE;355 AV GENERAL PATTON 49000 ANGERS;Enseignement supérieur;ESPL - IPAC BACHELOR FACTORY - MBWAY -
35033525300018;350335253;ASS VEGEPROJET;2 RUE LE NOTRE 49000 ANGERS;Enseignement supérieur;Inconnu
19490970100261;194909701;UNIVERSITE D'ANGERS;5 BD DE LAVOISIER 49000 ANGERS;Enseignement supérieur;SCE UNIVERSITAIRE FORMATION CONTINUE
19490970100295;194909701;UNIVERSITE D'ANGERS;28 RUE ROGER AMSLER 49100 ANGERS;Enseignement supérieur;UFR MEDECINE
19490970100345;194909701;UNIVERSITE D'ANGERS;7 ALL FRANCOIS MITTERRAND 49100 ANGERS;Enseignement supérieur;IMIS-ESTHUA
32663690900011;326636909;ASSIA;14 RUE LARREY 49100 ANGERS;Enseignement supérieur;Inconnu
32439762900209;324397629;CONSERVATOIRE NATIONAL DES ARTS ET METIERS DE LA REGION DES PAYS DE LA LOIRE - ASSOCIATION DE GESTION;165 RUE DE LA BARRE 49000 ANGERS;Enseignement supérieur;Inconnu
78611668100036;786116681;UNIVERSITE CATHOLIQUE DE L OUEST;3 PL ANDRE LEROY 49100 ANGERS;Enseignement supérieur;INST FORMATION PROF SECOND DEGRE
78611671500016;786116715;ECOLE SUPERIEURE ELECTRONIQUE DE L OUEST;4 RUE MERLET DE LA BOULAYE 49000 ANGERS;Enseignement supérieur;Inconnu
78611722600021;786117226;INSTIT FORMAT RECHERCH INTERVENT SOCIALE;6 RUE GEORGES MOREL 49000 ANGERS;Enseignement supérieur;ECOLE SUP ECONOMIE SOCIALE FAMILIALE
44344472400068;443444724;ESPL-ECOLE SUPERIEURE DES PAYS DE LOIRE;12 RUE GEORGES MANDEL 49000 ANGERS;Enseignement supérieur;ESPL - IPAC BACHELOR FACTORY - MBWAY -
19490970100121;194909701;UNIVERSITE D'ANGERS;11 BD DE LAVOISIER 49000 ANGERS;Enseignement supérieur;UFR LETTRES LANGUES SCIENCES HUMAINES
38379899800035;383798998;ASS ISTOM ECOLE SUP AGRO DEVEL INTERNAT;4 RUE LAKANAL 49000 ANGERS;Enseignement supérieur;Inconnu
34768912700061;347689127;IFFEUROPE INSTITUT DE FORMATION FONDACIO EUROPE;17 RUE MERLET DE LA BOULAYE 49000 ANGERS;Enseignement supérieur;Inconnu
50961850000052;509618500;ASS REGIONALE DES INSTITUTS DE FORMATION EN TRAVAIL SOCIAL PAYS DE LA LOIRE;10 RUE DARWIN 49000 ANGERS;Enseignement supérieur;ARIFTS - SAFRANTS
82915080400013;829150804;BK CORPORATION;25 RUE LENEPVEU 49100 ANGERS;Enseignement supérieur;Inconnu
32771714600010;327717146;ASS DEPAR FORMA CONTI SALAR EXPLO AGRIC;14 AV JEAN JOXE 49100 ANGERS;Formation continue d'adultes;Inconnu
30071741000306;300717410;INSTITUT FORMATION SANTE DE L OUEST;53 AV DU GRESILLE 49000 ANGERS;Formation continue d'adultes;Inconnu
40045992100013;400459921;CTRE RESSOURCES DEVELOPPEMENT COMPETENCE;15 RUE DU SERGENT BOBILLOT 49000 ANGERS;Formation continue d'adultes;Inconnu
52518574000020;525185740;ADOPT FORMATION SARL;152 AV GENERAL PATTON 49000 ANGERS;Formation continue d'adultes;Inconnu
49928647400014;499286474;SARL EUMATHOS;29 RUE DU CORNET 49100 ANGERS;Formation continue d'adultes;Inconnu
48455535400014;484555354;TRI ACTES;1 RUE LAKANAL 49000 ANGERS;Formation continue d'adultes;Inconnu
44340081700062;443400817;ARCHI MED;355 AV GENERAL PATTON 49000 ANGERS;Formation continue d'adultes;Inconnu
43275258200010;432752582;CLUB ANESTHESIE LOCO REGIONALE ANGERS;3 RUE SAINT LEONARD 49000 ANGERS;Formation continue d'adultes;Inconnu
74996327800017;749963278;PERCEIS;2 RUE CHEF DE VILLE 49100 ANGERS;Formation continue d'adultes;Inconnu
84186711200028;841867112;PAPAYA;28 RUE PIERRE CURIE 49000 ANGERS;Formation continue d'adultes;Inconnu
78903231500010;789032315;L'ABC DE LA FRANCHISE;2 RUE COLETTE 49000 ANGERS;Formation continue d'adultes;Inconnu
82029237300017;820292373;INSTITUT DE PROFESSIONNALISATION SPORTIVE;45 AV JEAN JOXE 49100 ANGERS;Formation continue d'adultes;Inconnu
89176676800024;891766768;INSTITUT SUISSE DE PERFECTIONNEMENT AUX METIERS DE L'ACTION HUMANITAIRE;25 RUE LENEPVEU 49100 ANGERS;Formation continue d'adultes;ISPMAH
48276116000183;482761160;ORSYS;6 PL DU DOCTEUR BICHON 49100 ANGERS;Formation continue d'adultes;ORSYS
91223735100016;912237351;BC FORMATION;16 RUE DES CORDELIERS 49100 ANGERS;Formation continue d'adultes;Inconnu
92208885100014;922088851;DIGITALIZE-MOI;58 BD DU DOYENNE 49100 ANGERS;Formation continue d'adultes;Inconnu
41188676500022;411886765;ASSOCIATION EN MARCHE;15 RUE BRAULT 49100 ANGERS;Formation continue d'adultes;Inconnu
51189243200028;511892432;CONSEIL-SERVICE COLLECTIVITES;77 RUE DU MAIL 49100 ANGERS;Formation continue d'adultes;Inconnu
50091167200029;500911672;ASSOCIATION POUR LE DEVELOPPEMENT INDIVIDUEL PAR LA FORMATION;347 AV GENERAL PATTON 49000 ANGERS;Formation continue d'adultes;Inconnu
39457598900022;394575989;ATELIER ST JEAN QUATRE COURONNES ANJOU;79 RUE JOACHIM DU BELLAY 49100 ANGERS;Formation continue d'adultes;Inconnu
44536933300049;445369333;SUCCESS STORY;7 AV TURPIN DE CRISSE 49100 ANGERS;Formation continue d'adultes;INSTITUT DES LANGUES
45032042900019;450320429;CENEC FP;43 AV JEAN JOXE 49100 ANGERS;Formation continue d'adultes;Inconnu
78425994700058;784259947;SOC SCIENTIFIQUE D'HYGIENE ALIMENTAIRE;11 RUE ALEXANDRE FLEMING 49000 ANGERS;Formation continue d'adultes;SSHA
87794466000027;877944660;TRENING FORMATION;125 AV VICTOR CHATENAY 49100 ANGERS;Formation continue d'adultes;Inconnu
78941729200024;789417292;PILGRIM CONSEIL;75 BD SAINT MICHEL 49100 ANGERS;Formation continue d'adultes;Inconnu
91778783000012;917787830;VETPARTNERS FRANCE FORMATION;5  JARDIN D'EBLE 49000 ANGERS;Formation continue d'adultes;Inconnu
48276116000530;482761160;ORSYS;19 PL DU PRESIDENT KENNEDY 49100 ANGERS;Formation continue d'adultes;Inconnu
35119111900178;351191119;AFTEC;70 RUE DU GRAND LAUNAY 49000 ANGERS;Formation continue d'adultes;Inconnu
37923056800014;379230568;SOC BIOPHYSIQUE MEDECINE NUCLEAIRE OUEST;1 RUE HAUTE DE RECULEE 49100 ANGERS;Formation continue d'adultes;Inconnu
35199563400018;351995634;ATELIER RURALISM URBANISM GEOMETR EXPERT;3 BD AYRAULT 49100 ANGERS;Formation continue d'adultes;ARU LOIRE
33202162500014;332021625;AREFOR ASS REGIO FORMATION;14 PL LOUIS IMBACH 49100 ANGERS;Formation continue d'adultes;Inconnu
38186858700027;381868587;ASS REG DOCUMENT ENSEIG PRIVE PAYS LOIRE;7 RUE VOLNEY 49000 ANGERS;Formation continue d'adultes;Inconnu
38218217800014;382182178;ABSCISSE;8 RUE THIERS 49100 ANGERS;Formation continue d'adultes;Inconnu
30059912304128;300599123;ASS NATIONALE POUR LA FORMATION PROFESSIONNELLE DES ADULTES;4 ALL DU HARAS 49100 ANGERS;Formation continue d'adultes;SD ANGERS
38834852600012;388348526;UFORCA;27 RUE CHEVREUL 49100 ANGERS;Formation continue d'adultes;Inconnu
39798195200013;397981952;INSTITUT REGIONAL DE FORMATION AUX METIERS DU SPORT ET DE LA SANTE ET DU SOCIAL;11 RUE LOUIS BLANC 49100 ANGERS;Formation continue d'adultes;Inconnu
45298221800045;452982218;MSL SERVICES;18 PL PIERRE MENDES FRANCE 49100 ANGERS;Formation continue d'adultes;Inconnu
45270314300076;452703143;ALTERNANCE PAYS DE LA LOIRE;51 AV GENERAL PATTON 49000 ANGERS;Formation continue d'adultes;Inconnu
45307097100016;453070971;COLL GENERALISTES ENSEIGNANTS MEDECINE; RUE HAUTE DE RECULEE 49100 ANGERS;Formation continue d'adultes;Inconnu
47982833700036;479828337;AGEASSO FORMATION;166 RUE DE LA MADELEINE 49000 ANGERS;Formation continue d'adultes;Inconnu
42109198400011;421091984;ENTOUR'AGES;28 RUE LOUIS LEROY 49100 ANGERS;Formation continue d'adultes;Inconnu
44340081700021;443400817;ARCHI MED;2 SQ LA FAYETTE 49000 ANGERS;Formation continue d'adultes;Inconnu
79134973100020;791349731;AFI;14 PL DE LA DAUVERSIERE 49000 ANGERS;Formation continue d'adultes;Inconnu
79818625000014;798186250;CENTRE HOLISTIQUE OR-ION;60 RUE FAIDHERBE 49100 ANGERS;Formation continue d'adultes;Inconnu
82179385800035;821793858;VISUEL-LANGUE DES SIGNES FRANCAISE PAYS DE LA LOIRE;7 RUE BOUCHE THOMAS 49000 ANGERS;Formation continue d'adultes;Inconnu
87794466000019;877944660;TRENING FORMATION;1 RUE DE LA BARRE 49000 ANGERS;Formation continue d'adultes;Inconnu
49334157200011;493341572;360  TOURISME & DEVELOPPEMENT;15 RUE DU HAMEAU DE LA FONTAINE 49000 ANGERS;Formation continue d'adultes;Inconnu
88091629100011;880916291;LEGAL CESSION;2 SQ LA FAYETTE 49000 ANGERS;Formation continue d'adultes;Inconnu
89907870300019;899078703;SOPRA FORMATION;54 RUE BAUDRIERE 49100 ANGERS;Formation continue d'adultes;Inconnu
33820512300023;338205123;ASS LIRE ECRIRE COMPTER;293 RUE HAUTE DES BANCHAIS 49100 ANGERS;Formation continue d'adultes;Inconnu
37761090200043;377610902;RETRAVAILLER DANS L OUEST;2 SQ GASTON ALLARD 49000 ANGERS;Formation continue d'adultes;Inconnu
37936214800015;379362148;SA SOFTEC AVENIR FORMATION;1 BD GASTON BIRGE 49100 ANGERS;Formation continue d'adultes;SOFTEC AVENIR
33804876200037;338048762;COMITE FORM RURAUX ACTIVITES TOURISME;2 AV JEAN JOXE 49100 ANGERS;Formation continue d'adultes;Inconnu
35190303400012;351903034;ASS DEVELOP INST SUPER PROMO ENSEI CATH;17 RUE MERLET DE LA BOULAYE 49000 ANGERS;Formation continue d'adultes;Inconnu
34836912500029;348369125;OUEST FORMATION;20 BD CARNOT 49100 ANGERS;Formation continue d'adultes;Inconnu
38204188700011;382041887;SOREGOR FORMATION; RUE BOUCHE THOMAS 49000 ANGERS;Formation continue d'adultes;Inconnu
38415019900030;384150199;FORMASIGNES;65 AV GENERAL PATTON 49000 ANGERS;Formation continue d'adultes;Inconnu
38877668400028;388776684;ASS FORMATION ET CONSEIL EN ORGANISATION;3 RUE DU GENERAL BIZOT 49000 ANGERS;Formation continue d'adultes;Inconnu
39302267800022;393022678;ASS POUR FORMATION ETUDE ET CONSEIL;45 AV MARIUS BRIANT 49000 ANGERS;Formation continue d'adultes;Inconnu
39302267800014;393022678;ASS POUR FORMATION ETUDE ET CONSEIL;101 RUE ST JACQUES 49100 ANGERS;Formation continue d'adultes;Inconnu
38454819400024;384548194;SURDICOM;4 RUE ABBE FREMOND 49100 ANGERS;Formation continue d'adultes;Inconnu
42975370000021;429753700;FORMACTIS;19 RUE LE NOTRE 49000 ANGERS;Formation continue d'adultes;Inconnu
42859982300013;428599823;ASSOCIATION L ATELIER 107;40 RUE DE LA CHALOUERE 49100 ANGERS;Formation continue d'adultes;Inconnu
41400822700012;414008227;VISA FORMATION ANGERS;4 RUE SAINT MAURILLE 49100 ANGERS;Formation continue d'adultes;Inconnu
39822063200028;398220632;AFOCAL PAYS DE LA LOIRE;37 RUE FRANKLIN 49100 ANGERS;Formation continue d'adultes;Inconnu
39822063200036;398220632;AFOCAL PAYS DE LA LOIRE;26 RUE BRAULT 49100 ANGERS;Formation continue d'adultes;Inconnu
44388573600027;443885736;ACS COMMUNICATION;26 RUE BOURGONNIER 49000 ANGERS;Formation continue d'adultes;Inconnu
80007359500012;800073595;ANJOU DOMICILE;1 RUE DUPETIT THOUARS 49000 ANGERS;Formation continue d'adultes;Inconnu
40881790600014;408817906;ASSOCIATION INSERTINAGE;11 AV DE CONTADES 49000 ANGERS;Formation continue d'adultes;Inconnu
48356353200017;483563532;POTENTIELMOTIV;37 RUE DE LA CHAMBRE AUX DENIERS 49000 ANGERS;Formation continue d'adultes;Inconnu
78610829000077;786108290;INSTITUT DEVELOP ECONOMIE ARTISANA ANJOU;17 RUE LAMARCK 49000 ANGERS;Formation continue d'adultes;Inconnu
78610829000085;786108290;INSTITUT DEVELOP ECONOMIE ARTISANA ANJOU;355 AV GENERAL PATTON 49000 ANGERS;Formation continue d'adultes;Inconnu
78941729200016;789417292;PILGRIM CONSEIL;89 RUE EBLE 49000 ANGERS;Formation continue d'adultes;PILGRIM CONSEIL
77566202600100;775662026;ASS OUVRIERE COMPAGNON DEVOIR TOUR FRANC;2 BD MARC LECLERC 49100 ANGERS;Formation continue d'adultes;Inconnu
75401001500016;754010015;BATI CONSEIL & FORMATION;99 RUE SAUMUROISE 49000 ANGERS;Formation continue d'adultes;Inconnu
81511277600027;815112776;PROPULS' SAS;37 RUE SAINT AUBIN 49100 ANGERS;Formation continue d'adultes;Inconnu
44509510200023;445095102;INSTITUT SAUMUROIS DE LA COMMUNICATION;1 RUE PIERRE GAUBERT 49000 ANGERS;Formation continue d'adultes;Inconnu
48785181800012;487851818;GRAINE DE CITOYEN;15 RUE DE LA BEJONNIERE 49000 ANGERS;Formation continue d'adultes;Inconnu
49168213400011;491682134;SOCIETE FINANCIERE XAVIER HALLIGON;50 AV VAUBAN 49000 ANGERS;Formation continue d'adultes;Inconnu
49896136600032;498961366;IFM DOM;43 AV DU GRESILLE 49000 ANGERS;Formation continue d'adultes;Inconnu
75117173700016;751171737;ASSOCIATION POUR LA VALORISATION DE L'INGENIERIE EN FORMATION PROFESSIONNELLE;26 RUE DE LA PREFECTURE 49100 ANGERS;Formation continue d'adultes;Inconnu
90232713900017;902327139;AYA FORMATIONS;396 RUE SAINT LEONARD 49000 ANGERS;Formation continue d'adultes;AYA FORMATIONS
88170415900022;881704159;USIG SARL;19 PL DU PRESIDENT KENNEDY 49100 ANGERS;Formation continue d'adultes;Inconnu
88387764900011;883877649;CENTRE DE FORMATION D'APPRENTIS DE L'ENSEIGNEMENT CATHOLIQUE DE MAINE ET LOIRE;5 RUE DU HAUT PRESSOIR 49000 ANGERS;Formation continue d'adultes;Inconnu
89887833500022;898878335;FORMATION D'AVENIR;2 RUE SAINT DENIS 49100 ANGERS;Formation continue d'adultes;Inconnu
90432508100019;904325081;AA FORMATIONS & INGENIERIE;28 RUE CESAR GEOFFRAY 49000 ANGERS;Formation continue d'adultes;Inconnu
91091274000016;910912740;ANJOU LOIRE FORMATION;2 RUE SAINT DENIS 49100 ANGERS;Formation continue d'adultes;Inconnu
33908765200014;339087652;AGRI ETUDES;24 RUE AUGUSTE FONTENEAU 49000 ANGERS;Formation continue d'adultes;Inconnu
34476012900033;344760129;ASSOCIATION CHEMIN DE L ENERGIE;26 RUE MAX RICHARD 49100 ANGERS;Formation continue d'adultes;Inconnu
33820512300015;338205123;ASS LIRE ECRIRE COMPTER;2 RUE BAUDRIERE 49100 ANGERS;Formation continue d'adultes;Inconnu
33804876200029;338048762;COMITE FORM RURAUX ACTIVITES TOURISME;61 AV JEAN JOXE 49100 ANGERS;Formation continue d'adultes;Inconnu
32873992500027;328739925;CETRADEL VAL DE LOIRE;16 RUE CORDELLE 49100 ANGERS;Formation continue d'adultes;Inconnu
32873992500084;328739925;CETRADEL VAL DE LOIRE;70 RUE DU GRAND LAUNAY 49000 ANGERS;Formation continue d'adultes;Inconnu
37761090200027;377610902;RETRAVAILLER DANS L OUEST;4 RUE DE BEL AIR 49000 ANGERS;Formation continue d'adultes;Inconnu
37761090200100;377610902;RETRAVAILLER DANS L OUEST;20 BD CARNOT 49100 ANGERS;Formation continue d'adultes;Inconnu
32262302600026;322623026;MAINE BUREAUTIQUE;10 RUE DU GRAND LAUNAY 49000 ANGERS;Formation continue d'adultes;Inconnu
40004612400022;400046124;AFEL ASSOCIATION FORMATION ELUS LOCAUX;10 RUE DU CLON 49000 ANGERS;Formation continue d'adultes;Inconnu
39429106600014;394291066;ASSOCIATION ADDESI;4 RUE LARREY 49100 ANGERS;Formation continue d'adultes;Inconnu
38877668400010;388776684;ASS FORMATION ET CONSEIL EN ORGANISATION;96 RUE LETANDUERE 49000 ANGERS;Formation continue d'adultes;Inconnu
41772542100024;417725421;IPRA;67 RUE DES VIEILLES CARRIERES 49000 ANGERS;Formation continue d'adultes;Inconnu
51207459200019;512074592;CN CONSEIL;5 RUE DE FREMUR 49000 ANGERS;Formation continue d'adultes;Inconnu
40154413500015;401544135;SOCIETE FRANCAISE DE L'ESCARRE;4 RUE LARREY 49100 ANGERS;Formation continue d'adultes;Inconnu
48388277500024;483882775;ASS MAISON FAMILIALE RURALE SAILLERIE;2 RUE PILASTRE 49100 ANGERS;Formation continue d'adultes;Inconnu
50033438800013;500334388;SHAN DIE;52 RUE FULTON 49000 ANGERS;Formation continue d'adultes;Inconnu
48356353200033;483563532;POTENTIELMOTIV;152 AV GENERAL PATTON 49000 ANGERS;Formation continue d'adultes;Inconnu
49395049700013;493950497;APOGIA;3 RUE ROGER CHAUVIRE 49100 ANGERS;Formation continue d'adultes;Inconnu
49224036100013;492240361;SUCCESS STORY LE MANS;22 PL LA FAYETTE 49000 ANGERS;Formation continue d'adultes;Inconnu
50051647100025;500516471;EURL ACIO FORMATION;152 AV GENERAL PATTON 49000 ANGERS;Formation continue d'adultes;Inconnu
84236876300020;842368763;VITAE FORMATION;7 BD DAVIERS 49100 ANGERS;Formation continue d'adultes;Inconnu
53743389800054;537433898;ENVERGURE OUEST;16 AV DE CONTADES 49000 ANGERS;Formation continue d'adultes;Inconnu
82179385800019;821793858;VISUEL-LANGUE DES SIGNES FRANCAISE PAYS DE LA LOIRE;37 BD JEAN MOULIN 49100 ANGERS;Formation continue d'adultes;Inconnu
53854621900063;538546219;SARL FORMA-PRO HYGIENE ET SECURITE;210 BD ELISABETH BOSELLI 49100 ANGERS;Formation continue d'adultes;Inconnu
53195731400010;531957314;ANJOU FORMATION SECURITE;299 AV GENERAL PATTON 49000 ANGERS;Formation continue d'adultes;AFS
53743389800039;537433898;ENVERGURE OUEST;15 RUE DU HARAS 49100 ANGERS;Formation continue d'adultes;Inconnu
53023402000010;530234020;PRESTAL;152 AV GENERAL PATTON 49000 ANGERS;Formation continue d'adultes;Inconnu
81867314700018;818673147;SAS CT COACHING & FORMATION;16 RUE DES DEUX HAIES 49100 ANGERS;Formation continue d'adultes;Inconnu
90371029100019;903710291;AGEVAL FORMATIONS;11 RUE PAUL BERT 49100 ANGERS;Formation continue d'adultes;Inconnu
82422814200678;824228142;AGENCE NATIONALE POUR LA FORMATION PROFESSIONNELLE DES ADULTES;6 RUE GUILLAUME LEKEU 49100 ANGERS;Formation continue d'adultes;Inconnu
33441214500222;334412145;IRSS SPORT;229 RUE DU DOCTEUR GUICHARD 49000 ANGERS;Formation continue d'adultes;Inconnu
38415019900022;384150199;FORMASIGNES;17 RUE CONSTANT LEMOINE 49100 ANGERS;Formation continue d'adultes;Inconnu
38435475900027;384354759;COORDINAT AGROBIOLOGIQUE PAYS DE LOIRE;61 AV JEAN JOXE 49100 ANGERS;Formation continue d'adultes;Inconnu
37761090200365;377610902;RETRAVAILLER DANS L OUEST;2 RUE DE L APPENTIS 49000 ANGERS;Formation continue d'adultes;Inconnu
38113513600038;381135136;GPE ETUDE RECHER ACTIO FORMA AIDES SOIGN;4 RUE DARWIN 49000 ANGERS;Formation continue d'adultes;Inconnu
51207459200035;512074592;CN CONSEIL;12 RUE DE RIVOLI 49000 ANGERS;Formation continue d'adultes;Inconnu
39839792700128;398397927;VIA FORMATION;25 BD VICTOR BEAUSSIER 49000 ANGERS;Formation continue d'adultes;Inconnu
40073444800667;400734448;INNOVATION DEVELOPPEMENT FORMATION;210 BD ELISABETH BOSELLI 49100 ANGERS;Formation continue d'adultes;ID ANGERS
51003821900018;510038219;TEAM ENTREPRENEUR;132 AV DE LATTRE DE TASSIGNY 49000 ANGERS;Formation continue d'adultes;Inconnu
44974665000018;449746650;ACCESS LANGUES;42 RUE BOISNET 49100 ANGERS;Formation continue d'adultes;Inconnu
48785181800038;487851818;GRAINE DE CITOYEN;37 RUE DE SALPINTE 49000 ANGERS;Formation continue d'adultes;Inconnu
44340081700054;443400817;ARCHI MED;6 RUE DE LA GARE 49100 ANGERS;Formation continue d'adultes;Inconnu
48494009300012;484940093;API CONSEIL & FORMATION;1 RUE COLBERT 49000 ANGERS;Formation continue d'adultes;Inconnu
40942304300010;409423043;INSTITUT DE FORMATION ET DE RECHERCHE DES ACTEURS DE L'ECONOMIE SOCIALE ET SOLIDAIRE;14 PL LOUIS IMBACH 49100 ANGERS;Formation continue d'adultes;Inconnu
39798195200021;397981952;INSTITUT REGIONAL DE FORMATION AUX METIERS DU SPORT ET DE LA SANTE ET DU SOCIAL;2 PAS DES ARENES 49100 ANGERS;Formation continue d'adultes;Inconnu
42073125900024;420731259;CAP COMPETENCE;41 RUE ASILE SAINT JOSEPH 49000 ANGERS;Formation continue d'adultes;Inconnu
43956212500039;439562125;KINTAIL COMMUNICATIONS;77 BD EUGENE CHAUMIN 49000 ANGERS;Formation continue d'adultes;Inconnu
41851515100110;418515151;IRSS SANTE - PROFILSUP;11 RUE DE LA CHARNASSERIE 49100 ANGERS;Formation continue d'adultes;Inconnu
43527289300015;435272893;CENTRE D'ENSEIGNEMENT COMMERCIAL;43 AV JEAN JOXE 49100 ANGERS;Formation continue d'adultes;Inconnu
79134973100038;791349731;AFI;152 AV GENERAL PATTON 49000 ANGERS;Formation continue d'adultes;Inconnu
87895180500026;878951805;MARIELLE DESHAIES;21 RUE DU MAIL 49100 ANGERS;Formation continue d'adultes;Inconnu
88205207900010;882052079;ENVOL CONSULT;80 RUE LAREVELLIERE 49100 ANGERS;Formation continue d'adultes;Inconnu
88091629100029;880916291;LEGAL CESSION;8 PL MONSEIGNEUR RUMEAU 49100 ANGERS;Formation continue d'adultes;BRIO ACADEMY
79841497500010;798414975;CEFII;11 PL PIERRE SEMARD 49100 ANGERS;Formation continue d'adultes;CEFII
53743389800070;537433898;ENVERGURE OUEST;10 ALL FRANCOIS MITTERRAND 49100 ANGERS;Formation continue d'adultes;ENVERGURE
53854621900071;538546219;SARL FORMA-PRO HYGIENE ET SECURITE;122 RUE CHATEAU D ORGEMONT 49000 ANGERS;Formation continue d'adultes;Inconnu
83181855400014;831818554;ECOLE ANGEVINE DE SHIATSU;27 RUE DES ARENES 49100 ANGERS;Formation continue d'adultes;Inconnu
83103310500014;831033105;INSTITUT DE PROFESSIONNALISATION SPORTIVE PARISIEN;47 BD DU ROI RENE 49100 ANGERS;Formation continue d'adultes;I.P.S.P.
82179385800027;821793858;VISUEL-LANGUE DES SIGNES FRANCAISE PAYS DE LA LOIRE;2 SQ LA FAYETTE 49000 ANGERS;Formation continue d'adultes;Inconnu
77566202600092;775662026;ASS OUVRIERE COMPAGNON DEVOIR TOUR FRANC;25 BD COPERNIC 49100 ANGERS;Formation continue d'adultes;CTRE FORMATION APPRENTIS COMP DU DEVOIR
31890657500085;318906575;CETRADEL;16 RUE CORDELLE 49100 ANGERS;Formation continue d'adultes;Inconnu
38472154400045;384721544;ABSCISSE DEVELOPPEMENT;130 RUE DES PONTS DE CE 49000 ANGERS;Formation continue d'adultes;Inconnu
38809669500019;388096695;LES MACONS DE L AN 2000;1 RUE DARWIN 49000 ANGERS;Formation continue d'adultes;Inconnu
39457598900030;394575989;ATELIER ST JEAN QUATRE COURONNES ANJOU;145 RUE EBLE 49000 ANGERS;Formation continue d'adultes;Inconnu
39943279800011;399432798;SARL UNIP BOULANGER AUTHENTIQUE ANJOU;50 BD DU DOYENNE 49100 ANGERS;Formation continue d'adultes;Inconnu
40004612400014;400046124;AFEL ASSOCIATION FORMATION ELUS LOCAUX;3 RUE SAINT MAURILLE 49100 ANGERS;Formation continue d'adultes;Inconnu
30071741000033;300717410;INSTITUT FORMATION SANTE DE L OUEST;10 AV DE CONTADES 49000 ANGERS;Formation continue d'adultes;ECOLE D AIDE SOIGNANTES
44401518400013;444015184;ASSOCIATION DUSSINE FORMATION;36 RUE MARCEL PAJOTIN 49000 ANGERS;Formation continue d'adultes;Inconnu
37923056800022;379230568;SOC BIOPHYSIQUE MEDECINE NUCLEAIRE OUEST;2 RUE MOLL 49100 ANGERS;Formation continue d'adultes;Inconnu
38253882500052;382538825;TRAVERSES EN PSYCHIATRIE ET AUTRES LIEUX, QU'EN EST-IL DE L'HUMAIN?;28 AV JEANNE D ARC 49100 ANGERS;Formation continue d'adultes;Inconnu
38005385000018;380053850;SOC DE CHIRURGIE VISCERALE DE L'OUEST; RUE LARREY 49100 ANGERS;Formation continue d'adultes;Inconnu
52952906700017;529529067;FORMAPICS;50 AV VAUBAN 49000 ANGERS;Formation continue d'adultes;Inconnu
52518574000012;525185740;ADOPT FORMATION SARL;13 RUE DE BRISSAC 49000 ANGERS;Formation continue d'adultes;Inconnu
82029237300025;820292373;INSTITUT DE PROFESSIONNALISATION SPORTIVE;47 BD DU ROI RENE 49100 ANGERS;Formation continue d'adultes;I.P.S.A.
84068088800020;840680888;LA PLEIADE DES EDUC'ACTEURS;1 SQ DES JONCHERES 49000 ANGERS;Formation continue d'adultes;Inconnu
50222500600027;502225006;DMVP FORMATION;11 RUE ALEXANDRE FLEMING 49000 ANGERS;Formation continue d'adultes;Inconnu
45308991400015;453089914;TSARI;18 RUE CLAUDE DEBUSSY 49000 ANGERS;Formation continue d'adultes;Inconnu
48494009300020;484940093;API CONSEIL & FORMATION;35 RUE MIRABEAU 49000 ANGERS;Formation continue d'adultes;Inconnu
48489603000018;484896030;SARL LE FRANCAIS FACE A FACE;13 RUE LOUIS GAIN 49100 ANGERS;Formation continue d'adultes;Inconnu
90003170900018;900031709;IDEE COMPETENCES;9 RUE CHARLES BAUDELAIRE 49000 ANGERS;Formation continue d'adultes;Inconnu
18001404501825;180014045;CENTRE NATIONAL DE LA FONCTION PUBLIQUE TERRITORIALE;60 BD VICTOR BEAUSSIER 49000 ANGERS;Formation continue d'adultes;Inconnu
37997262300019;379972623;ASS FRANC DES INGENIEURS BIOMEDICAUX;4 RUE LARREY 49100 ANGERS;Formation continue d'adultes;Inconnu
38472154400029;384721544;ABSCISSE DEVELOPPEMENT;13 RUE DU MAIL 49100 ANGERS;Formation continue d'adultes;Inconnu
30071741000173;300717410;INSTITUT FORMATION SANTE DE L OUEST;4 RUE DARWIN 49000 ANGERS;Formation continue d'adultes;Inconnu
30059912306438;300599123;ASS NATIONALE POUR LA FORMATION PROFESSIONNELLE DES ADULTES;4 RUE GUILLAUME LEKEU 49100 ANGERS;Formation continue d'adultes;SPSY ANGERS
33441214500099;334412145;IRSS SPORT;18 RUE SAINT LEONARD 49000 ANGERS;Formation continue d'adultes;INSTITUT REGIONAL SPORT ET SANTE
37923056800030;379230568;SOC BIOPHYSIQUE MEDECINE NUCLEAIRE OUEST;15 RUE ANDRE BOQUEL 49100 ANGERS;Formation continue d'adultes;Inconnu
39822063200010;398220632;AFOCAL PAYS DE LA LOIRE;16 PL DE LA DAUVERSIERE 49000 ANGERS;Formation continue d'adultes;ADFOCAL
42073125900016;420731259;CAP COMPETENCE;26 RUE DE BRUXELLES 49000 ANGERS;Formation continue d'adultes;Inconnu
39798195200047;397981952;INSTITUT REGIONAL DE FORMATION AUX METIERS DU SPORT ET DE LA SANTE ET DU SOCIAL;47 BD DU ROI RENE 49100 ANGERS;Formation continue d'adultes;Inconnu
44536933300015;445369333;SUCCESS STORY;22 PL LA FAYETTE 49000 ANGERS;Formation continue d'adultes;L'INSTITUT DES LANGUES
43275258200028;432752582;CLUB ANESTHESIE LOCO REGIONALE ANGERS; RUE LARREY 49100 ANGERS;Formation continue d'adultes;Inconnu
80211860400130;802118604;INSTITUT NATIONAL DE L'HYGIENE ET DU NETTOYAGE INDUSTRIEL - FORMATION ET CONSEIL;7 QUAI FELIX FAURE 49100 ANGERS;Formation continue d'adultes;INHNI FORMATION CONSEIL ANGERS
91130243800013;911302438;ASSOCIATION ANGEVINE POUR LA FORMATION EN NEUROCHIRURGIE PEDIATRIQUE (AAFNP);62 RUE DUPETIT THOUARS 49000 ANGERS;Formation continue d'adultes;Inconnu
87895180500018;878951805;MARIELLE DESHAIES;49 RUE MARIE DURAND 49000 ANGERS;Formation continue d'adultes;Inconnu
87811134300017;878111343;JUNIOR CONSEIL ISTOM;4 RUE LAKANAL 49000 ANGERS;Formation continue d'adultes;Inconnu
80917706600028;809177066;HEALTH'ACTIV;2 RUE SAINT DENIS 49100 ANGERS;Formation continue d'adultes;Inconnu
80007359500020;800073595;ANJOU DOMICILE;28 BD JACQUES PORTET 49000 ANGERS;Formation continue d'adultes;Inconnu
82749617500015;827496175;UAMPD;458 RUE SAINT LEONARD 49000 ANGERS;Formation continue d'adultes;Inconnu
52874913800038;528749138;L.C. CONSULTING;2 SQ GASTON ALLARD 49000 ANGERS;Formation continue d'adultes;Inconnu
47982833700028;479828337;AGEASSO FORMATION;49 RUE DU PRE PIGEON 49100 ANGERS;Formation continue d'adultes;Inconnu
49896136600024;498961366;IFM DOM;5 RUE PIERRE GAUBERT 49000 ANGERS;Formation continue d'adultes;Inconnu
48356353200058;483563532;POTENTIELMOTIV;355 AV GENERAL PATTON 49000 ANGERS;Formation continue d'adultes;Inconnu
32441928200771;324419282;INSTITUT NATIONAL DE FORMATION ET DE RECHERCHES SUR L'EDUCATION PERMANENTE INFREP;14 AV MARIE TALET 49100 ANGERS;Formation continue d'adultes;Inconnu
32441928200805;324419282;INSTITUT NATIONAL DE FORMATION ET DE RECHERCHES SUR L'EDUCATION PERMANENTE INFREP;5 CHE DES BASSES FOUASSIERES 49000 ANGERS;Formation continue d'adultes;Inconnu
39798195200039;397981952;INSTITUT REGIONAL DE FORMATION AUX METIERS DU SPORT ET DE LA SANTE ET DU SOCIAL;14 AV MARIE TALET 49100 ANGERS;Formation continue d'adultes;Inconnu
38472154400011;384721544;ABSCISSE DEVELOPPEMENT;8 RUE THIERS 49100 ANGERS;Formation continue d'adultes;Inconnu
38767438500019;387674385;SOC ANGEVINE FORMATION EN ALLERGOLOGIE; RUE LARREY 49100 ANGERS;Formation continue d'adultes;Inconnu
38855711800089;388557118;AVENIR FORMATION;47 AV DU GRESILLE 49000 ANGERS;Formation continue d'adultes;Inconnu
38889576500013;388895765;ASS PHARMACEUTIQUE ENSEIGN POST-UNIVERSI;30 BD SAINT MICHEL 49100 ANGERS;Formation continue d'adultes;Inconnu
31224764600028;312247646;ASSOCIATION EDUCATION LA GARDE;3 PL ANDRE LEROY 49100 ANGERS;Formation continue d'adultes;Inconnu
34465627700292;344656277;ASSOCIATION ENVERGURE;10 ALL FRANCOIS MITTERRAND 49100 ANGERS;Formation continue d'adultes;Inconnu
77560923300017;775609233;CTRE INTERN FORMAT ECONOMIQ AGRICULTURE;4 RUE DE BEL AIR 49000 ANGERS;Formation continue d'adultes;Inconnu
50357500300036;503575003;AJMB;6 RUE D ANJOU 49100 ANGERS;Formation continue d'adultes;ALBERT IMMO
52161465100011;521614651;CABINET DESITTER;4 RUE DE PIGNEROLLES 49100 ANGERS;Formation continue d'adultes;Inconnu
49223968600057;492239686;PERFORM CONSEIL;12 PAS DE CHANTILLY 49000 ANGERS;Formation continue d'adultes;Inconnu
48346358400050;483463584;C.V.H;2 SQ GASTON ALLARD 49000 ANGERS;Formation continue d'adultes;Inconnu
41397031000012;413970310;ESTM LEBRETON ALTERNANCE ANGERS;4 RUE SAINT MAURILLE 49100 ANGERS;Formation continue d'adultes;Inconnu
41857539500029;418575395;BP PYRAMID CONSULTANTS;4 RUE DU PETIT ARCEAU 49100 ANGERS;Formation continue d'adultes;Inconnu
42822926400018;428229264;ASSOCIATION INAFORM;24 RUE D ORGEMONT 49000 ANGERS;Formation continue d'adultes;Inconnu
44983356500012;449833565;ASS CTRE ENSEIGNEMENT RECHERCHE EN ENDOS; RUE HAUTE DE RECULEE 49100 ANGERS;Formation continue d'adultes;Inconnu
44388573600019;443885736;ACS COMMUNICATION;3 RUE BOURGONNIER 49000 ANGERS;Formation continue d'adultes;Inconnu
80917706600044;809177066;HEALTH'ACTIV;47 AV DU GRESILLE 49000 ANGERS;Formation continue d'adultes;Inconnu
84771319500018;847713195;INSTITUT DE PROFESSIONALISATION SPORTIVE MONTPELLIERAIN;47 BD DU ROI RENE 49100 ANGERS;Formation continue d'adultes;Inconnu
84068088800012;840680888;LA PLEIADE DES EDUC'ACTEURS;2 RUE JEAN PREDALI 49100 ANGERS;Formation continue d'adultes;Inconnu
85245572400017;852455724;COURANT VOLITIONNEL;12 RUE DU VOLLIER 49100 ANGERS;Formation continue d'adultes;COURANT VOLITIONNEL
90021221800011;900212218;DIGI FORMATION;2 RUE SAINT DENIS 49100 ANGERS;Formation continue d'adultes;Inconnu
91414478700019;914144787;NHD FORMATION;31 RUE DE LA PICOTIERE 49000 ANGERS;Formation continue d'adultes;Inconnu
35327836900023;353278369;ASSOCIATION RFD OUEST;1 RUE D IENA 49100 ANGERS;Formation continue d'adultes;Inconnu
39841824400016;398418244;ASS DEVELOPPEMENT FORMATION AU C H U;4 RUE LARREY 49100 ANGERS;Formation continue d'adultes;Inconnu
40046071300011;400460713;INSTIT FORMATION DEVELOPPEMENT PERSONNEL;129 RUE DE LA BARRE 49000 ANGERS;Formation continue d'adultes;Inconnu
50414104500014;504141045;SARL SECURIFOR;50 AV VAUBAN 49000 ANGERS;Formation continue d'adultes;Inconnu
48785181800020;487851818;GRAINE DE CITOYEN;11 RUE CARL LINNE 49000 ANGERS;Formation continue d'adultes;Inconnu
47883352800084;478833528;MEDIACTION PLUS;1 RUE PIERRE GAUBERT 49000 ANGERS;Formation continue d'adultes;Inconnu
42084724600071;420847246;INSTITUT FORMATION AFFAIRES ET GESTION;22 RUE ALEXANDRE FLEMING 49000 ANGERS;Formation continue d'adultes;Inconnu
44401518400021;444015184;ASSOCIATION DUSSINE FORMATION;56 RUE CHARLES PEGUY 49000 ANGERS;Formation continue d'adultes;Inconnu
43296505100019;432965051;AFOCOME;2 SQ LA FAYETTE 49000 ANGERS;Formation continue d'adultes;Inconnu
42356444200014;423564442;ACTION EXPERT CONSEIL;8 BD DU MARECHAL FOCH 49100 ANGERS;Formation continue d'adultes;Inconnu
52449983700028;524499837;RH RESSOURCES FORMATION ET CONSEIL;16 RUE DE LOCARNO 49000 ANGERS;Formation continue d'adultes;Inconnu
89176676800016;891766768;INSTITUT SUISSE DE PERFECTIONNEMENT AUX METIERS DE L'ACTION HUMANITAIRE;19 PL DU PRESIDENT KENNEDY 49100 ANGERS;Formation continue d'adultes;ISPMAH
32441928200854;324419282;INSTITUT NATIONAL DE FORMATION ET DE RECHERCHES SUR L'EDUCATION PERMANENTE INFREP;5 SQ DE LA BELLE ETOILE 49000 ANGERS;Formation continue d'adultes;Inconnu
91932917700019;919329177;FORMAPHANIE;90 RUE DU GRAND DOUZILLE 49000 ANGERS;Formation continue d'adultes;Inconnu
39151320700145;391513207;C.R.A.FORMATION;132 AV DE LATTRE DE TASSIGNY 49000 ANGERS;Formation continue d'adultes;Inconnu
31450443200100;314504432;CEFRAS;35 RUE DE LA BARRE 49000 ANGERS;Formation continue d'adultes;Inconnu
30071741000330;300717410;INSTITUT FORMATION SANTE DE L OUEST;12 SQ FRANCOIS TRUFFAUT 49000 ANGERS;Formation continue d'adultes;Inconnu
35032699700011;350326997;SYNERGA;81 RUE DES PONTS DE CE 49000 ANGERS;Formation continue d'adultes;Inconnu
35228936700026;352289367;SERV OUEST FORMATION TECHNIQ ET COMMERC;1 BD GASTON BIRGE 49100 ANGERS;Formation continue d'adultes;Inconnu
39839792700193;398397927;VIA FORMATION;27 BD VICTOR BEAUSSIER 49000 ANGERS;Formation continue d'adultes;Inconnu
78835426400103;788354264;AFPI PAYS DE LA LOIRE;132 AV DE LATTRE DE TASSIGNY 49000 ANGERS;Formation continue d'adultes;Inconnu
35327836900015;353278369;ASSOCIATION RFD OUEST;5 RUE MICHELET 49000 ANGERS;Formation continue d'adultes;Inconnu
80208491300010;802084913;ITINERIENCE;30 RUE DE L HOMMEAU 49100 ANGERS;Formation continue d'adultes;Inconnu
82018544500021;820185445;ACTHAR;27 AV YOLANDE D'ARAGON 49100 ANGERS;Formation continue d'adultes;ACTHAR
40226651400148;402266514;FORMAHP;49 AV DU GRESILLE 49000 ANGERS;Formation continue d'adultes;Inconnu
40020725400022;400207254;ANJOU CONSEIL ASSISTANCE SERVICE DEVELOP;79 RUE EBLE 49000 ANGERS;Formation continue d'adultes;Inconnu
41851515100193;418515151;IRSS SANTE - PROFILSUP;229 RUE DU DOCTEUR GUICHARD 49000 ANGERS;Formation continue d'adultes;Inconnu
40984456000014;409844560;UNIVERSITE POPULAIRE DES PAYS DE LOIRE;20 RUE ALEXANDRE FLEMING 49000 ANGERS;Formation continue d'adultes;Inconnu
48356353200041;483563532;POTENTIELMOTIV;152 AV GENERAL PATTON 49000 ANGERS;Formation continue d'adultes;Inconnu
88286736900010;882867369;MAISON LOISEAU ACADEMIE;12 RUE MONTAULT 49100 ANGERS;Formation continue d'adultes;Inconnu
91954619200015;919546192;WDA FORMATION;25 RUE LENEPVEU 49100 ANGERS;Formation continue d'adultes;Inconnu
37761090200241;377610902;RETRAVAILLER DANS L OUEST;35 RUE CHATEAU D ORGEMONT 49000 ANGERS;Formation continue d'adultes;Inconnu
30059912301124;300599123;ASS NATIONALE POUR LA FORMATION PROFESSIONNELLE DES ADULTES;6 RUE GUILLAUME LEKEU 49100 ANGERS;Formation continue d'adultes;CFPA
38435475900035;384354759;COORDINAT AGROBIOLOGIQUE PAYS DE LOIRE;9 RUE ANDRE BROUARD 49100 ANGERS;Formation continue d'adultes;Inconnu
35199563400026;351995634;ATELIER RURALISM URBANISM GEOMETR EXPERT;42 RUE DES ARENES 49100 ANGERS;Formation continue d'adultes;Inconnu
43413877200018;434138772;SOCIETE OONTO STOMATOLOGIQUE ANGERS;4 PL DE LORRAINE 49100 ANGERS;Formation continue d'adultes;Inconnu
43926825100022;439268251;FORMATION DEVELOPPEMENT EMPLOI;10 RUE DE VILLOUTREYS 49000 ANGERS;Formation continue d'adultes;Inconnu
47982833700010;479828337;AGEASSO FORMATION;12 RUE DU VALLON 49000 ANGERS;Formation continue d'adultes;Inconnu
51753631400019;517536314;RICOCHETS;19 RUE DE BELFORT 49100 ANGERS;Formation continue d'adultes;Inconnu
77560959700015;775609597;INSTITUT FORMA RECHE ANIMA METIERS EDUCA;10 RUE DARWIN 49000 ANGERS;Formation continue d'adultes;Inconnu
79134973100012;791349731;AFI;5 RUE PIERRE GAUBERT 49000 ANGERS;Formation continue d'adultes;Inconnu
42492979200010;424929792;INST EURO PREV INFECTIONS NOSOCOMIALES;82 RUE DES PONTS DE CE 49000 ANGERS;Formation continue d'adultes;Inconnu
50910870000022;509108700;ACOREGE FORMATION;4 RUE PAPIAU DE LA VERRIE 49000 ANGERS;Formation continue d'adultes;Inconnu
82272260900010;822722609;CAP AUTONOMIA;13 BD JOSEPH BEDIER 49000 ANGERS;Formation continue d'adultes;CAP AUTONOMIA
82436343600661;824363436;AFPA ACCES A L' EMPLOI;6 RUE GUILLAUME LEKEU 49100 ANGERS;Formation continue d'adultes;Inconnu
83812400600019;838124006;ITIGO;4 RUE PAPIAU DE LA VERRIE 49000 ANGERS;Formation continue d'adultes;Inconnu
85125653700016;851256537;RIBE FORMATION;135 BD ELISABETH BOSELLI 49100 ANGERS;Formation continue d'adultes;Inconnu
88205207900028;882052079;ENVOL CONSULT;11 BD ALBERT BLANCHOIN 49000 ANGERS;Formation continue d'adultes;Inconnu
91109638600014;911096386;DAMETIS ACADEMY;3 RUE LOUIS BOISRAME 49000 ANGERS;Formation continue d'adultes;Inconnu
91479265000014;914792650;SEEFORM;17 RUE GUSTAVE MAREAU 49000 ANGERS;Formation continue d'adultes;Inconnu
90531280700019;905312807;TURNEYSKILLFORMATION;5 RUE DE PRUNIERS 49000 ANGERS;Formation continue d'adultes;Inconnu
18001404500413;180014045;CENTRE NATIONAL DE LA FONCTION PUBLIQUE TERRITORIALE; RUE DU NID DE PIE 49000 ANGERS;Formation continue d'adultes;INSTITUT NAT SPECIAL ETUDES TERRITORIALES (INSET)
18001404500207;180014045;CENTRE NATIONAL DE LA FONCTION PUBLIQUE TERRITORIALE;19 RUE DES ARENES 49100 ANGERS;Formation continue d'adultes;DELEGATION REGIONALE PAYS-DE-LA-LOIRE
38435475900019;384354759;COORDINAT AGROBIOLOGIQUE PAYS DE LOIRE;122 RUE DE LA CHALOUERE 49100 ANGERS;Formation continue d'adultes;Inconnu
40020725400014;400207254;ANJOU CONSEIL ASSISTANCE SERVICE DEVELOP;8 PL PIERRE MENDES FRANCE 49100 ANGERS;Formation continue d'adultes;Inconnu
39358699500036;393586995;ASS APLON REGIONS;16 RUE SAUMUROISE 49000 ANGERS;Formation continue d'adultes;Inconnu
39293409700016;392934097;ASS DEPT DEVELOP ECONOMIQUE ET SOCIAL;15 RUE FRANCIS MEILLAND 49000 ANGERS;Formation continue d'adultes;Inconnu
30945862800018;309458628;ASS D'ECO RURALE DE M ET LOIRE;29 AV JEAN JOXE 49100 ANGERS;Formation continue d'adultes;Inconnu
51207459200027;512074592;CN CONSEIL;86 RUE FULTON 49000 ANGERS;Formation continue d'adultes;Inconnu
50804912900036;508049129;IME OUEST;19 PL DU PRESIDENT KENNEDY 49100 ANGERS;Formation continue d'adultes;Inconnu
50222500600035;502225006;DMVP FORMATION;15 BD DU MARECHAL FOCH 49100 ANGERS;Formation continue d'adultes;Inconnu
53184573300025;531845733;ECOLE DE LA COMMUNICATION DE LA RELATION INDIVIDUELLE ET DE LA NEGOCIATION;2 SQ LA FAYETTE 49000 ANGERS;Formation continue d'adultes;Inconnu
50022816800026;500228168;LINGUA COMMUNICATION;347 AV GENERAL PATTON 49000 ANGERS;Formation continue d'adultes;LINGUA COMMUNICATION
33804876200011;338048762;COMITE FORM RURAUX ACTIVITES TOURISME;14 AV JEAN JOXE 49100 ANGERS;Formation continue d'adultes;Inconnu
33820512300031;338205123;ASS LIRE ECRIRE COMPTER;4 RUE DANIEL DUCLAUX 49100 ANGERS;Formation continue d'adultes;Inconnu
40942304300028;409423043;INSTITUT DE FORMATION ET DE RECHERCHE DES ACTEURS DE L'ECONOMIE SOCIALE ET SOLIDAIRE;15 RUE MICHEL FOURRE CORMERAY 49100 ANGERS;Formation continue d'adultes;Inconnu
42975370000013;429753700;FORMACTIS;22 RUE ALEXANDRE FLEMING 49000 ANGERS;Formation continue d'adultes;Inconnu
43926825100014;439268251;FORMATION DEVELOPPEMENT EMPLOI;3 SQ FRANCOISE DOLTO 49000 ANGERS;Formation continue d'adultes;Inconnu
44413725100013;444137251;AEVOLIS;36 PAS HAUT PRESSOIR 49000 ANGERS;Formation continue d'adultes;Inconnu
44347619700019;443476197;ASS ANGE POUR FORM & RECH GYNE OBST;4 RUE LARREY 49100 ANGERS;Formation continue d'adultes;Inconnu
88062410100015;880624101;STUD'ORTHO;1 RUE LEON THULEAU 49100 ANGERS;Formation continue d'adultes;Inconnu
83922998600030;839229986;PREVENTION ACADEMIE;39 RUE DU NID DE PIE 49000 ANGERS;Formation continue d'adultes;Inconnu
83920777600015;839207776;GV FORMATIONS;77 BD EUGENE CHAUMIN 49000 ANGERS;Formation continue d'adultes;Inconnu
81521413500023;815214135;INSTITUT DE FORMATION POUR LES ACTIVITES DE SECURITE (IFAS);1 BD GASTON BIRGE 49100 ANGERS;Formation continue d'adultes;Inconnu
80007237300023;800072373;INSTITUT DES METIERS DU NOTARIAT DE POITIERS;35 BD PIERRE DE COUBERTIN 49000 ANGERS;Formation continue d'adultes;Inconnu
89487707500016;894877075;EXCELLENCE PRO PAYS DE LA LOIRE;5 RUE DU HAUT PRESSOIR 49000 ANGERS;Formation continue d'adultes;Inconnu
91362401100015;913624011;ECO CONSULTING;25 RUE LENEPVEU 49100 ANGERS;Formation continue d'adultes;Inconnu
92125076700016;921250767;ASSURETONAVENIR;179 RUE CHEVRE 49000 ANGERS;Formation continue d'adultes;Inconnu
