siret;nom;dateCreationEtablissement;adresse;naf;activité
50315011200038;ASI;2010-03-08;48 CITE DU DAGUENET 49100 ANGERS;62.09Z;Autres activités informatiques
75131512800015;ASSISTANCE INFORMATIQUE 49;2012-05-02;43 AV JEAN JOXE 49100 ANGERS;62.09Z;Autres activités informatiques
49125905700017;TELIMA PAYS DE LOIRE FAMILY;2006-07-31;12 AV YOLANDE D'ARAGON 49100 ANGERS;62.09Z;Autres activités informatiques
84874249000016;PONY;2019-03-05; BD GASTON BIRGE 49100 ANGERS;63.12Z;Portails Internet
78912585300026;VACANCES VUES DU CIEL;2013-02-15;1 RUE JEAN CLENET 49000 ANGERS;62.09Z;Autres activités informatiques
80889288900011;EXSI.VA;2015-01-12;4 RUE DU LIERRE 49000 ANGERS;62.09Z;Autres activités informatiques
88537138500018;ANJINFO;2020-07-20;33 RUE DE LA MORELLERIE 49000 ANGERS;62.09Z;Autres activités informatiques
42508587500028;LEGUIDE.COM;2000-01-15;46 AV WINSTON CHURCHILL 49000 ANGERS;63.12Z;Portails Internet
80183791500025;AEON CREATION;2014-04-16;461 RUE SAINT LEONARD 49000 ANGERS;63.12Z;Portails Internet
91312864100010;GIE INFORMATIQUE DES SPSTI DES PAYS DE LA LOIRE;2022-03-16;25 RUE CARL LINNE 49000 ANGERS;63.12Z;Portails Internet
50315011200012;ASI;2008-04-01;42 CITE DU DAGUENET 49100 ANGERS;62.09Z;Autres activités informatiques
79952036600011;SARL HAPPY ENDING;2014-01-06;12 BD D ESTIENNE D ORVES 49000 ANGERS;63.12Z;Portails Internet
42508587500010;LEGUIDE.COM;1999-11-02; RUE DUPETIT THOUARS 49000 ANGERS;63.12Z;Portails Internet
43345927800027;AQUALAN;2005-11-01;12 RUE RENE RABAULT 49100 ANGERS;63.12Z;Portails Internet
43345927800019;AQUALAN;2000-10-01;147 AV PASTEUR 49100 ANGERS;63.12Z;Portails Internet
52490184000024;KIDIKLIK;2014-01-14;1 AV JEANNE D ARC 49100 ANGERS;63.12Z;Portails Internet
52772213600027;SPORT DEV;2012-06-13;32 RUE JEAN BODIN 49000 ANGERS;63.12Z;Portails Internet
43299378000068;SOGELINK;2022-01-07;35 RUE CHATEAU D ORGEMONT 49000 ANGERS;63.12Z;Portails Internet
50315011200020;ASI;2009-09-10;152 AV GENERAL PATTON 49000 ANGERS;62.09Z;Autres activités informatiques
83129101800016;ANGERS MULTIMEDIA INFORMATIQUE;2017-07-31;11 RUE ANDRE GARDOT 49100 ANGERS;62.09Z;Autres activités informatiques
84144729500079;DOCAVENUE;2019-12-01;3 RUE CARL LINNE 49000 ANGERS;63.12Z;Portails Internet
82092596400026;BESTRANSFER;2019-02-05;1 RUE DE BUFFON 49100 ANGERS;63.12Z;Portails Internet
79767690500020;NIRYLIS;2015-10-14;25 RUE LENEPVEU 49100 ANGERS;62.09Z;Autres activités informatiques
50094296600028;HEGYD;2008-03-17;48 RUE HENRI HAMELIN 49000 ANGERS;62.09Z;Autres activités informatiques
49125905700033;TELIMA PAYS DE LOIRE FAMILY;2010-09-15;2 SQ LA FAYETTE 49000 ANGERS;62.09Z;Autres activités informatiques
43359020500020;SAGI INFORMATIQUE;2005-12-01;10 RUE SAINT MAURILLE 49100 ANGERS;62.09Z;Autres activités informatiques
81028606200031;FRERES TOQUE;2022-04-12;8 PL DU RALLIEMENT 49100 ANGERS;63.12Z;Portails Internet
91950910900014;MEB DIGITAL DISTRIBUTION;2022-09-21;12 AV DENIS PAPIN 49100 ANGERS;63.12Z;Portails Internet
88464416200015;MAT & CO;2020-05-28;14 RUE SAVARY 49100 ANGERS;63.12Z;Portails Internet
43345927800043;AQUALAN;2016-05-01;36 AV PASTEUR 49100 ANGERS;63.12Z;Portails Internet
90500722500014;FOUNDER SQUARE;2021-10-27;19 PL DU PRESIDENT KENNEDY 49100 ANGERS;63.12Z;Portails Internet
84874249000032;PONY;2022-04-01;8 PL MONSEIGNEUR RUMEAU 49100 ANGERS;63.12Z;Portails Internet
50315011200046;ASI;2011-09-15;3 RUE JACQUES CARTIER 49000 ANGERS;62.09Z;Autres activités informatiques
53499411600018;NETWORKSAY;2011-10-03;25 RUE LENEPVEU 49100 ANGERS;62.09Z;Autres activités informatiques
43870599800047;INTERAVIEW PRODUCTION;2009-01-01;82 AV GENERAL PATTON 49000 ANGERS;62.09Z;Autres activités informatiques
40307190500026;ALTAIR;1997-06-29;8 RUE LE NOTRE 49000 ANGERS;62.09Z;Autres activités informatiques
48477882400041;AUDIOTACTIC;2015-01-02;122 RUE CHATEAU D ORGEMONT 49000 ANGERS;62.09Z;Autres activités informatiques
40307190500034;ALTAIR;1998-01-31;9 RUE ALEXANDRE FLEMING 49000 ANGERS;62.09Z;Autres activités informatiques
49829954400011;D DISCOUNT SERVICES;2007-06-01;58 SQ DE LA CHOUANIERE 49000 ANGERS;62.09Z;Autres activités informatiques
49801343200055;AGENCE 404;2015-11-01;25 RUE LENEPVEU 49100 ANGERS;62.09Z;Autres activités informatiques
50094296600010;HEGYD;2007-11-15;20 AV GENERAL PATTON 49000 ANGERS;62.09Z;Autres activités informatiques
49238045600029;BEES;2009-04-01;4 SQ DE CONTADES 49100 ANGERS;62.09Z;Autres activités informatiques
78989603200016;METRONART COM;2012-12-01;16 RUE CHEVREUL 49100 ANGERS;62.09Z;Autres activités informatiques
53499411600026;NETWORKSAY;2012-06-26;8 SQ DUMONT D URVILLE 49000 ANGERS;62.09Z;Autres activités informatiques
49769073500038;GUIDE SANTE;2009-07-29;16 BD YVONNE POIREL 49000 ANGERS;62.09Z;Autres activités informatiques
49819594000024;EL WARDI TECHNOLOGY;2009-10-31;19 RUE DU PETIT CHAUMINEAU 49100 ANGERS;62.09Z;Autres activités informatiques
90129503000018;AVENTURA;2021-06-21;17 PL DU DOCTEUR BICHON 49100 ANGERS;63.12Z;Portails Internet
89529248000012;ETIOME;2020-10-21;58 BD DU DOYENNE 49100 ANGERS;63.12Z;Portails Internet
49432976600013;ASS GASTRONOMICA;2007-01-01;8 TRA DES BANCHAIS 49100 ANGERS;62.09Z;Autres activités informatiques
81843661000021;EISOX R ET D;2018-11-30;3 RUE ALEXANDRE FLEMING 49000 ANGERS;62.09Z;Autres activités informatiques
75131512800023;ASSISTANCE INFORMATIQUE 49;2020-01-01;20 BD DU DOYENNE 49100 ANGERS;62.09Z;Autres activités informatiques
49238045600011;BEES;2006-10-16;70 SQ ALPHONSE DAUDET 49100 ANGERS;62.09Z;Autres activités informatiques
49801343200071;AGENCE 404;2017-05-15;14 RUE DE LA PREFECTURE 49100 ANGERS;62.09Z;Autres activités informatiques
49125905700025;TELIMA PAYS DE LOIRE FAMILY;2008-04-04;43 AV DU GRESILLE 49000 ANGERS;62.09Z;Autres activités informatiques
81843661000013;EISOX R ET D;2016-02-02;8 RUE LE NOTRE 49000 ANGERS;62.09Z;Autres activités informatiques
41104565100048;SARL AFFICHAGE ANDEGAVE;2015-01-01;78 AV RENE GASNIER 49100 ANGERS;73.11Z;Activités des agences de publicité
51820686700013;GRAPHZINE COMMUNICATION;2009-11-02;2 SQ LA FAYETTE 49000 ANGERS;73.11Z;Activités des agences de publicité
53020267000010;JADAWORKS;2011-02-01;355 AV GENERAL PATTON 49000 ANGERS;73.11Z;Activités des agences de publicité
53881642200025;SAMEDI;2014-09-15;18 RUE BEAUREPAIRE 49100 ANGERS;73.11Z;Activités des agences de publicité
48361694200023;XXL DEVELOPMENT;2006-03-11;131 RUE VOLNEY 49000 ANGERS;73.11Z;Activités des agences de publicité
47886443200040;MEDIAPILOTE ANGERS;2014-03-21;73 BD JACQUES PORTET 49000 ANGERS;73.11Z;Activités des agences de publicité
47886443200032;MEDIAPILOTE ANGERS;2010-06-15;2 SQ GASTON ALLARD 49000 ANGERS;73.11Z;Activités des agences de publicité
85129602000015;SMO-DIGITAL;2019-05-30;61 BD HENRI DUNANT 49100 ANGERS;73.11Z;Activités des agences de publicité
84159813900035;DELMRAY;2022-08-08;8 PL MONSEIGNEUR RUMEAU 49100 ANGERS;73.11Z;Activités des agences de publicité
84126031800016;COLANE;2018-07-18;2 RUE DE CRIMEE 49100 ANGERS;73.11Z;Activités des agences de publicité
90330851800021;YET ANOTHER COMPANY;2022-02-03;24 PL TERRA BOTANICA 49100 ANGERS;73.11Z;Activités des agences de publicité
38325582500010;CENTRALFAB;1991-10-14;26 SQ HENRI FARMAN 49100 ANGERS;73.11Z;Activités des agences de publicité
31855803800010;DELTA PLV;1900-01-01;12 RUE GUTENBERG 49000 ANGERS;73.11Z;Activités des agences de publicité
33512097800093;FABIENNE HERVE CONSEIL;2012-06-11;73 BD SAINT MICHEL 49100 ANGERS;73.11Z;Activités des agences de publicité
37761128000019;INGENIERIE SERVICE PUBLICITE;1990-04-09;109 RUE FRANKLIN 49100 ANGERS;73.11Z;Activités des agences de publicité
45072966000032;ELIOTT FRANCE;2013-03-07;25 RUE LENEPVEU 49100 ANGERS;73.11Z;Activités des agences de publicité
48361694200015;XXL DEVELOPMENT;2005-08-01;10 RUE DE LA CHAUSSEE ST PIERRE 49100 ANGERS;73.11Z;Activités des agences de publicité
91088876700019;KOLECT;2022-02-23;8 PL MONSEIGNEUR RUMEAU 49100 ANGERS;73.11Z;Activités des agences de publicité
38168504900011;PARPROM;1991-04-02;1 RUE LAKANAL 49000 ANGERS;73.11Z;Activités des agences de publicité
41104565100022;SARL AFFICHAGE ANDEGAVE;1999-12-01;15 AV RENE GASNIER 49100 ANGERS;73.11Z;Activités des agences de publicité
43255240400027;A 2000;2002-06-10;7 IMP PASTEUR 49100 ANGERS;73.11Z;Activités des agences de publicité
48276132700014;ALTACOM;2005-06-15;111 RUE DE LA MADELEINE 49000 ANGERS;73.11Z;Activités des agences de publicité
52015631600033;MONDAPAR;2010-11-01;8 RUE SAINT MAURILLE 49100 ANGERS;73.11Z;Activités des agences de publicité
84170912400017;NEGOTIUM;2018-07-09;25 RUE LENEPVEU 49100 ANGERS;73.11Z;Activités des agences de publicité
89931777000019;CASSINY & COMPANY;2021-05-14;5 AV DE CONTADES 49000 ANGERS;73.11Z;Activités des agences de publicité
34942553800023;C2A;1996-09-25;18 RUE D ANJOU 49100 ANGERS;73.11Z;Activités des agences de publicité
35340958400029;NAZCA;1991-02-01;40 RUE BOREAU 49100 ANGERS;73.11Z;Activités des agences de publicité
38325582500028;CENTRALFAB;1991-10-14;6 RUE DES FOURS A CHAUX 49100 ANGERS;73.11Z;Activités des agences de publicité
49153050700012;JCN COMMUNICATION;2006-09-01;1 RUE PIERRE GAUBERT 49000 ANGERS;73.11Z;Activités des agences de publicité
79850746300015;ATELIER ASAP;2013-11-07;25 RUE LENEPVEU 49100 ANGERS;73.11Z;Activités des agences de publicité
87956114000010;DECO SERVICES;2019-10-01;11 RUE DU COMMERCE 49100 ANGERS;73.11Z;Activités des agences de publicité
81302850300023;LINKX;2016-03-07;23 RUE HOCHE 49100 ANGERS;73.11Z;Activités des agences de publicité
43503286700044;QUALI T COM;2019-01-04;25 RUE LENEPVEU 49100 ANGERS;73.11Z;Activités des agences de publicité
78869024600012;M.F. SERVICES;2012-10-01;81 BD EUGENE CHAUMIN 49000 ANGERS;73.11Z;Activités des agences de publicité
51083732100015;ARAIGNEE ROUGE;2009-02-25;26 RUE DU CORNET 49100 ANGERS;73.11Z;Activités des agences de publicité
47748652600015;2F PROMOTION;2004-07-01;28 RUE DE LA PICOTIERE 49000 ANGERS;73.11Z;Activités des agences de publicité
92234570700017;ANTYA;2022-12-12;13 RUE DE BRISSAC 49000 ANGERS;73.11Z;Activités des agences de publicité
35036793400022;MEDIA SPORT;1991-06-01;19 QUAI GAMBETTA 49100 ANGERS;73.11Z;Activités des agences de publicité
43250895000032;CREACTIVITE COMMUNICATION;2002-06-15;3 RUE DE LA BARRE 49000 ANGERS;73.11Z;Activités des agences de publicité
80818294300056;OLEPSYS;2020-05-11;90 RUE FULTON 49000 ANGERS;73.11Z;Activités des agences de publicité
52015631600017;MONDAPAR;2010-02-11;5 RUE SAINT BLAISE 49100 ANGERS;73.11Z;Activités des agences de publicité
49359012900018;AGAP'HE;2007-01-08;21 RUE DE LA GENVRIE 49000 ANGERS;73.11Z;Activités des agences de publicité
53443249700012;BLEUGRIS COMMUNICATION;2011-09-01;16  MTE ST MAURICE 49100 ANGERS;73.11Z;Activités des agences de publicité
47886443200016;MEDIAPILOTE ANGERS;2004-10-01;7 RUE LIONNAISE 49100 ANGERS;73.11Z;Activités des agences de publicité
91799287700014;ESPERLUETTE;2022-07-28;22 RUE DU MAIL 49100 ANGERS;73.11Z;Activités des agences de publicité
92069768700019;TEACH NEWGATE;2022-10-14;14 AV DE LA BLANCHERAIE 49100 ANGERS;73.11Z;Activités des agences de publicité
34938690400024;I10 COMMUNICATION;1991-05-01;9 RUE ALEXANDRE FLEMING 49000 ANGERS;73.11Z;Activités des agences de publicité
35036793400048;MEDIA SPORT;1999-04-19;104 RUE DU PRE PIGEON 49100 ANGERS;73.11Z;Activités des agences de publicité
52015631600025;MONDAPAR;2010-08-23;6  COUR DES CORDELIERS 49100 ANGERS;73.11Z;Activités des agences de publicité
39785624600038;HARMONIE SARL;2009-01-01;5 RUE SAINT BLAISE 49100 ANGERS;73.11Z;Activités des agences de publicité
45021103200013;POINT COMMUNICATION BRESSIGNY;2003-10-01;49 RUE BRESSIGNY 49100 ANGERS;73.11Z;Activités des agences de publicité
80252241700012;SCO DEVELOPPEMENT;2014-05-23;58  PROMENADE DE LA BAUMETTE 49000 ANGERS;73.11Z;Activités des agences de publicité
53974207200017;ATOUTMUST;2012-02-13;10 RUE DE QUATREBARBES 49100 ANGERS;73.11Z;Activités des agences de publicité
90345182100016;MJMG;2021-09-21;25 RUE LENEPVEU 49100 ANGERS;73.11Z;Activités des agences de publicité
33512097800085;FABIENNE HERVE CONSEIL;2009-05-15;4 RUE EVAIN 49000 ANGERS;73.11Z;Activités des agences de publicité
35036793400030;MEDIA SPORT;1997-12-19;34 BD GASTON BIRGE 49100 ANGERS;73.11Z;Activités des agences de publicité
32835015200034;GERNO S.A;2006-01-23;2 SQ LA FAYETTE 49000 ANGERS;73.11Z;Activités des agences de publicité
50388149200022;J.M.D. PUBLICITE MEDIA;2015-01-01;78 AV RENE GASNIER 49100 ANGERS;73.11Z;Activités des agences de publicité
48939987300038;PEPTINE CONSEIL;2008-09-22;56 RUE DES FOURS A CHAUX 49100 ANGERS;73.11Z;Activités des agences de publicité
45132817300013;DANATO;2004-01-06;5 AV DE CONTADES 49000 ANGERS;73.11Z;Activités des agences de publicité
43250895000065;CREACTIVITE COMMUNICATION;2022-05-02;6 RUE GEORGE SAND 49100 ANGERS;73.11Z;Activités des agences de publicité
78999227800042;SVEN & YOKO;2018-02-01;4 RUE JACQUES BORDIER 49100 ANGERS;73.11Z;Activités des agences de publicité
84454580600011;SAS FMPV;2019-01-21;355 RUE SAINT LEONARD 49000 ANGERS;73.11Z;Activités des agences de publicité
53048365000038;BLUE MOON DESIGN;2013-10-01;27 RUE DES ARENES 49100 ANGERS;73.11Z;Activités des agences de publicité
53881642200017;SAMEDI;2011-12-05;4 BD HENRI ARNAULD 49100 ANGERS;73.11Z;Activités des agences de publicité
78928244900022;LILABOX;2012-11-01;2 IMP SAINT JULIEN 49100 ANGERS;73.11Z;Activités des agences de publicité
33164801401022;MEDIAPOST;1986-09-03;34 RUE D ASSAS 49000 ANGERS;73.11Z;Activités des agences de publicité
78854320500017;MEDIA- PUBLI-CITE;2012-10-04;2 SQ LA FAYETTE 49000 ANGERS;73.11Z;Activités des agences de publicité
50538713400016;ARPEGES;2008-07-11;2 SQ LA FAYETTE 49000 ANGERS;73.11Z;Activités des agences de publicité
50825548600013;T COMME TENDANCES;2008-10-01;99 RUE DUPETIT THOUARS 49000 ANGERS;73.11Z;Activités des agences de publicité
34942553800015;C2A;1989-01-01;26 BD DU GENERAL DE GAULLE 49100 ANGERS;73.11Z;Activités des agences de publicité
34952171600028;SARL POURQUOI PAS;1991-08-03;9 RUE DE FREMUR 49000 ANGERS;73.11Z;Activités des agences de publicité
79308017700025;I10 GROUPE;2016-05-01;3 RUE PIERRE LISE 49100 ANGERS;73.11Z;Activités des agences de publicité
49359012900026;AGAP'HE;2009-01-05;17 RUE MARCEL PAJOTIN 49000 ANGERS;73.11Z;Activités des agences de publicité
42134908500017;AGENCE A&O CONSEIL ET CREATION A&O;1999-01-04;4 RUE DES BASSES FOUASSIERES 49000 ANGERS;73.11Z;Activités des agences de publicité
41985949100013;L AGORA DU VISUEL;1998-08-01;73 BD SAINT MICHEL 49100 ANGERS;73.11Z;Activités des agences de publicité
42443341500017;SARL MULTIPASS COMMUNICATION;1999-10-01;461 RUE SAINT LEONARD 49000 ANGERS;73.11Z;Activités des agences de publicité
41104565100014;SARL AFFICHAGE ANDEGAVE;1997-03-01;40 RUE DE L AUBEPIN 49100 ANGERS;73.11Z;Activités des agences de publicité
45245436600025;STUDIOV3;2010-04-01;7 RUE ALEXANDRE FLEMING 49000 ANGERS;73.11Z;Activités des agences de publicité
92196751900015;BONJOUR MIDNIGHT;2022-12-01;461 RUE SAINT LEONARD 49000 ANGERS;73.11Z;Activités des agences de publicité
91467196100011;XLV COMMUNICATION;2022-06-01;25 RUE LENEPVEU 49100 ANGERS;73.11Z;Activités des agences de publicité
90330851800013;YET ANOTHER COMPANY;2021-09-16;9 SQ JACQUELINE MAILLAN 49000 ANGERS;73.11Z;Activités des agences de publicité
52818249600034;KAPHINE.COMMUNICATION;2013-03-01;12 RUE GEORGES MANDEL 49000 ANGERS;73.11Z;Activités des agences de publicité
52818249600042;KAPHINE.COMMUNICATION;2016-03-01;130 RUE DES PONTS DE CE 49000 ANGERS;73.11Z;Activités des agences de publicité
50388149200014;J.M.D. PUBLICITE MEDIA;2008-04-14;15 AV RENE GASNIER 49100 ANGERS;73.11Z;Activités des agences de publicité
51745491400022;LMA CONSULTING;2014-06-01;20  COUR DU ROCHER 49100 ANGERS;73.11Z;Activités des agences de publicité
49965470500015;BE PICTURED;2007-09-03;10 RUE EMMANUEL TRIQUIER 49000 ANGERS;73.11Z;Activités des agences de publicité
48498093300010;LUC FLECHEUX DESIGN;2005-11-01;5 RUE DU COMMERCE 49100 ANGERS;73.11Z;Activités des agences de publicité
42134908500025;AGENCE A&O CONSEIL ET CREATION A&O;2001-01-01;3 PL MONPROFIT 49100 ANGERS;73.11Z;Activités des agences de publicité
34127531100056;HYDROPTERE;2010-12-01;3 BD DU MARECHAL FOCH 49100 ANGERS;73.11Z;Activités des agences de publicité
35340958400045;NAZCA;2001-01-02;14 RUE SAVARY 49100 ANGERS;73.11Z;Activités des agences de publicité
52458940500017;ABMC;2010-09-10;19 RUE CHARLES DENIS 49000 ANGERS;73.11Z;Activités des agences de publicité
79850746300023;ATELIER ASAP;2018-03-29;50 RUE DES LICES 49100 ANGERS;73.11Z;Activités des agences de publicité
82489759900034;ROULE MARCEL;2019-12-12;42 RUE DU GENERAL LIZE 49100 ANGERS;73.11Z;Activités des agences de publicité
85003130300017;SLOW MEDIA;2019-04-05;19 BD CARNOT 49100 ANGERS;73.11Z;Activités des agences de publicité
49826948900023;MEDIPUB;2007-12-06;2 SQ LA FAYETTE 49000 ANGERS;73.11Z;Activités des agences de publicité
48939987300046;PEPTINE CONSEIL;2013-09-01;1 AV JEANNE D ARC 49100 ANGERS;73.11Z;Activités des agences de publicité
35340958400037;NAZCA;1997-02-17;9 RUE TERRIEN COCHEREL 49100 ANGERS;73.11Z;Activités des agences de publicité
35340958400060;NAZCA;2013-01-01;35 RUE DE LA CHALOUERE 49100 ANGERS;73.11Z;Activités des agences de publicité
78930901000013;ANJOU DIFFUSION COMMUNICATION;2012-11-15;12 RUE DE LA HARPE 49100 ANGERS;73.11Z;Activités des agences de publicité
50825548600021;T COMME TENDANCES;2009-07-01;84 AV PASTEUR 49100 ANGERS;73.11Z;Activités des agences de publicité
52015631600066;MONDAPAR;2019-09-03;22 BD GASTON BIRGE 49100 ANGERS;73.11Z;Activités des agences de publicité
53443249700020;BLEUGRIS COMMUNICATION;2015-10-01;76 RUE ADRIEN RECOUVREUR 49000 ANGERS;73.11Z;Activités des agences de publicité
45132817300021;DANATO;2007-02-01;10 RUE DE LA CHAUSSEE ST PIERRE 49100 ANGERS;73.11Z;Activités des agences de publicité
39785624600046;HARMONIE SARL;2011-11-07;2 SQ LA FAYETTE 49000 ANGERS;73.11Z;Activités des agences de publicité
38325582500036;CENTRALFAB;1993-11-02;9 AV JEAN JOXE 49100 ANGERS;73.11Z;Activités des agences de publicité
75131203400018;CREATIV' FOR HALL;2012-05-02;6 RUE DE LA PARCHEMINERIE 49100 ANGERS;73.11Z;Activités des agences de publicité
49973216200015;KOMUNIK;2007-09-03;264 RUE HAUTE DES BANCHAIS 49100 ANGERS;73.11Z;Activités des agences de publicité
43934042300094;L'EFFET PAPILLON;2015-02-12;47 AV DU GRESILLE 49000 ANGERS;73.11Z;Activités des agences de publicité
47886443200024;MEDIAPILOTE ANGERS;2007-06-15;4 RUE VIEILLE SAINT NICOLAS 49100 ANGERS;73.11Z;Activités des agences de publicité
42312168000056;SARL IGNIS;2009-04-01;6 RUE DES FOURS A CHAUX 49100 ANGERS;73.11Z;Activités des agences de publicité
79850746300031;ATELIER ASAP;2020-10-23;7 RUE MAX RICHARD 49100 ANGERS;73.11Z;Activités des agences de publicité
83188797100016;STREET MARKETY BORDEAUX;2017-09-07;5 RUE SAINT BLAISE 49100 ANGERS;73.11Z;Activités des agences de publicité
82977786100016;A2MS;2017-05-12;11 RUE THIERS 49100 ANGERS;73.11Z;Activités des agences de publicité
90330851800039;YET ANOTHER COMPANY;2022-08-19;4 RUE RENE ROUCHY 49100 ANGERS;73.11Z;Activités des agences de publicité
34952171600036;SARL POURQUOI PAS;1994-07-22;12 RUE DU GRAND LAUNAY 49000 ANGERS;73.11Z;Activités des agences de publicité
75186802700028;INSIGHT;2018-03-01;7 RUE SAINT MARTIN 49100 ANGERS;73.11Z;Activités des agences de publicité
50890212900016;POUR QUI POURQUOI;2008-11-01;42 RUE DES LICES 49100 ANGERS;73.11Z;Activités des agences de publicité
35340958400052;NAZCA;2010-09-01;81 AV JEAN JOXE 49100 ANGERS;73.11Z;Activités des agences de publicité
82489759900026;ROULE MARCEL;2017-06-29;22 BD GASTON BIRGE 49100 ANGERS;73.11Z;Activités des agences de publicité
32835015200018;GERNO S.A;1983-11-15;76 RUE PLANTAGENET 49100 ANGERS;73.11Z;Activités des agences de publicité
43527340400010;A D COMMUNICATION;2001-03-22;15 AV RENE GASNIER 49100 ANGERS;73.11Z;Activités des agences de publicité
45072966000024;ELIOTT FRANCE;2004-06-15;37 BD D ESTIENNE D ORVES 49000 ANGERS;73.11Z;Activités des agences de publicité
48076729200034;N N D D;2005-10-01;52 RUE DU MAIL 49100 ANGERS;73.11Z;Activités des agences de publicité
90962823200011;AGENCE BLVU;2022-01-25;4 SQ DU PUITS ANCEAU 49000 ANGERS;73.11Z;Activités des agences de publicité
52818249600026;KAPHINE.COMMUNICATION;2012-07-01;40 BD CARNOT 49100 ANGERS;73.11Z;Activités des agences de publicité
92238841800019;VINOMUSIC;2022-12-08;25 RUE LENEPVEU 49100 ANGERS;73.11Z;Activités des agences de publicité
78612048500028;CTRE DIOCESAIN INFORMATION CHRETIENS MED;2006-02-09;36 RUE BARRA 49100 ANGERS;70.21Z;Conseil en relations publiques et communication
75092868100022;COVENWEB;2013-12-28;25 RUE LENEPVEU 49100 ANGERS;70.21Z;Conseil en relations publiques et communication
83228593600023;BLITZ CONSEIL;2018-01-01;461 RUE SAINT LEONARD 49000 ANGERS;70.21Z;Conseil en relations publiques et communication
83871539900013;LS COMMUNICATION;2018-03-27;6 PL DU DOCTEUR BICHON 49100 ANGERS;70.21Z;Conseil en relations publiques et communication
82052676200027;COME & CO;2018-09-15;1 RUE DE LA BARRE 49000 ANGERS;70.21Z;Conseil en relations publiques et communication
45160796400017;TH.PETERS COMMUNICATION CONSEIL GESTION;2004-01-19;6 RUE DES FOURS A CHAUX 49100 ANGERS;70.21Z;Conseil en relations publiques et communication
88946384000013;EUGENIE.AGENCY;2020-09-12;26 RUE LENEPVEU 49100 ANGERS;70.21Z;Conseil en relations publiques et communication
45114992600060;UN, DES SENS;2017-08-01;126 RUE ST JACQUES 49100 ANGERS;70.21Z;Conseil en relations publiques et communication
75092868100030;COVENWEB;2016-07-01;7 RUE SAINT MAURILLE 49100 ANGERS;70.21Z;Conseil en relations publiques et communication
52383834000025;SKJM;2012-10-01;15 RUE RENOU 49100 ANGERS;70.21Z;Conseil en relations publiques et communication
52383834000033;SKJM;2015-11-17;9 RUE CORDELLE 49100 ANGERS;70.21Z;Conseil en relations publiques et communication
52383834000041;SKJM;2016-12-19;18 RUE VOLTAIRE 49100 ANGERS;70.21Z;Conseil en relations publiques et communication
81373085000027;NEWDEAL;2015-09-15;47 AV DU GRESILLE 49000 ANGERS;70.21Z;Conseil en relations publiques et communication
79164570800011;ORIENT'ACTION ANGERS;2013-03-11;63 BD DU MARECHAL FOCH 49100 ANGERS;70.21Z;Conseil en relations publiques et communication
51867464300011;GRAINE 2 STYLE;2010-01-02;21 RUE BOISNET 49100 ANGERS;70.21Z;Conseil en relations publiques et communication
79311867000025;EVOXYA;2017-05-15;1 RUE DE BUFFON 49100 ANGERS;70.21Z;Conseil en relations publiques et communication
49359183800013;REPERECOM;2007-01-04;29 RUE BEAUREPAIRE 49100 ANGERS;70.21Z;Conseil en relations publiques et communication
45160796400025;TH.PETERS COMMUNICATION CONSEIL GESTION;2007-05-22;58 BD DE STRASBOURG 49000 ANGERS;70.21Z;Conseil en relations publiques et communication
83871539900021;LS COMMUNICATION;2019-04-01;19 PL DU PRESIDENT KENNEDY 49100 ANGERS;70.21Z;Conseil en relations publiques et communication
80778946600016;MUSIQUE EVENEMENT PHOTOGRAPHIE SAINT TROPEZ;2014-10-24;25 RUE LENEPVEU 49100 ANGERS;70.21Z;Conseil en relations publiques et communication
81492771100014;ECCE COMMUNICATION;2015-11-20;2 SQ LA FAYETTE 49000 ANGERS;70.21Z;Conseil en relations publiques et communication
82250747100024;CALLANDCOM;2022-05-05;25 RUE LENEPVEU 49100 ANGERS;70.21Z;Conseil en relations publiques et communication
89946877100014;SQUAD;2021-05-14;52 RUE DE BRISSAC 49000 ANGERS;70.21Z;Conseil en relations publiques et communication
38978899300019;GULFSTREAM COMMUNICATION;1993-01-04;  LE TERTRE AU JAU 49100 ANGERS;70.21Z;Conseil en relations publiques et communication
78957582600019;DL MEDIAS;2012-12-01;4 RUE HOCHE 49100 ANGERS;70.21Z;Conseil en relations publiques et communication
82052676200019;COME & CO;2016-05-23;3 BD DU ROI RENE 49100 ANGERS;70.21Z;Conseil en relations publiques et communication
89946877100022;SQUAD;2022-05-20;15 RUE CUBAIN 49000 ANGERS;70.21Z;Conseil en relations publiques et communication
94895811100015;MSY PRODUCTION;2022-02-13;12 BD JEAN MOULIN 49100 ANGERS;70.21Z;Conseil en relations publiques et communication
89761319600020;360 COMMUNICATIONS;2022-12-01;24 RUE DE LA PICOTIERE 49000 ANGERS;70.21Z;Conseil en relations publiques et communication
79052108200038;LABAZ;2022-01-27;31 BD SAINT MICHEL 49100 ANGERS;70.21Z;Conseil en relations publiques et communication
83918828100019;QUID LINGUA LEGAL;2018-04-04;51 RUE BAUDRIERE 49100 ANGERS;70.21Z;Conseil en relations publiques et communication
84468325000014;MIMOSA;2019-01-10;14 RUE SAVARY 49100 ANGERS;70.21Z;Conseil en relations publiques et communication
75344607900018;SARL MANNATHAN;2012-08-23;47 RUE DUPETIT THOUARS 49000 ANGERS;70.21Z;Conseil en relations publiques et communication
50283016900012;ONE WAY 49;2008-02-15;99 RUE DUPETIT THOUARS 49000 ANGERS;70.21Z;Conseil en relations publiques et communication
52022914700035;OXYGEN OUEST;2012-06-26;22 RUE GUSTAVE MAREAU 49000 ANGERS;70.21Z;Conseil en relations publiques et communication
41028596900037;HARMONICAP;2005-11-01;5 AV DE LA BALLUE 49000 ANGERS;70.21Z;Conseil en relations publiques et communication
51044265000014;AGENCE PRESTIGE;2009-01-20;5 RUE SAINT DENIS 49100 ANGERS;70.21Z;Conseil en relations publiques et communication
80832931200017;ARIMAJ;2014-12-02;17 RUE DE LA TREILLE 49000 ANGERS;70.21Z;Conseil en relations publiques et communication
49932782300013;FINANCIERE FOCH DEVELOPPEMENT;2007-08-20;17 RUE DES DEUX HAIES 49100 ANGERS;70.21Z;Conseil en relations publiques et communication
91805544300017;FRAISCHEUR;2022-08-01;25 RUE LENEPVEU 49100 ANGERS;70.21Z;Conseil en relations publiques et communication
79052108200046;LABAZ;2023-02-02;2 SQ DE CHAMPAGNE 49100 ANGERS;70.21Z;Conseil en relations publiques et communication
79916325800020;AGENCE ECHOS;2015-10-01;25 RUE LENEPVEU 49100 ANGERS;70.21Z;Conseil en relations publiques et communication
79311867000017;EVOXYA;2013-05-16;71 RUE JOACHIM DU BELLAY 49100 ANGERS;70.21Z;Conseil en relations publiques et communication
51809464400011;SARL EIKO-STUDIO;2009-11-10;5 RUE DU PARVIS SAINT MAURICE 49100 ANGERS;70.21Z;Conseil en relations publiques et communication
89761319600012;360 COMMUNICATIONS;2021-03-24;18 RUE D ANJOU 49100 ANGERS;70.21Z;Conseil en relations publiques et communication
52383834000017;SKJM;2010-06-21;39 RUE JOACHIM DU BELLAY 49100 ANGERS;70.21Z;Conseil en relations publiques et communication
81867536500014;AKO-T;2016-05-01;38 RUE ROGER SALENGRO 49000 ANGERS;70.21Z;Conseil en relations publiques et communication
88097350800018;NIGHTFALL;2020-01-16;14 RUE SAVARY 49100 ANGERS;70.21Z;Conseil en relations publiques et communication
84530907900018;GALAHAD;2019-01-09;2 RUE ANNE DE TOURVILLE 49000 ANGERS;70.21Z;Conseil en relations publiques et communication
83440286900012;CHANNEL GROUP INTERNATIONAL;2017-10-01;2 RUE ROGER CHAUVIRE 49100 ANGERS;70.21Z;Conseil en relations publiques et communication
92209118600010;ICAR-CONSULTING;2023-01-02;25 RUE LENEPVEU 49100 ANGERS;70.21Z;Conseil en relations publiques et communication
92157703700010;ELLIPSE MEDIA;2022-11-07;15 RUE DES LICES 49100 ANGERS;70.21Z;Conseil en relations publiques et communication
50745639000016;CAP EXPORT;2008-07-26;31 RUE SAINT JULIEN 49100 ANGERS;70.21Z;Conseil en relations publiques et communication
88747042500018;LAIKO;2020-06-25;25 RUE LENEPVEU 49100 ANGERS;70.21Z;Conseil en relations publiques et communication
84386870400019;CILTEPLAIT;2018-11-09;4 RUE CUBAIN 49000 ANGERS;70.21Z;Conseil en relations publiques et communication
83216602900013;WAVE COMMUNICATION;2017-09-01;41 RUE DUPETIT THOUARS 49000 ANGERS;70.21Z;Conseil en relations publiques et communication
52022914700027;OXYGEN OUEST;2010-03-29;9 RUE ALEXANDRE FLEMING 49000 ANGERS;70.21Z;Conseil en relations publiques et communication
50745639000024;CAP EXPORT;2011-05-02;1 RUE DAVID D ANGERS 49100 ANGERS;70.21Z;Conseil en relations publiques et communication
79868710900016;AURELIE JEANNIN;2013-11-15;11 RUE DUPETIT THOUARS 49000 ANGERS;70.21Z;Conseil en relations publiques et communication
81023431000011;SPORTS TM;2015-03-06;68 RUE JEAN DE LA FONTAINE 49000 ANGERS;70.21Z;Conseil en relations publiques et communication
83228593600015;BLITZ CONSEIL;2017-09-18;56 RUE DES FOURS A CHAUX 49100 ANGERS;70.21Z;Conseil en relations publiques et communication
50928550800024;SKILLVALLEY;2017-09-05;2 SQ LA FAYETTE 49000 ANGERS;70.21Z;Conseil en relations publiques et communication
83079938300021;WEYLINK;2018-09-01;1 RUE FAIDHERBE 49100 ANGERS;70.21Z;Conseil en relations publiques et communication
75311131900012;DME COMMUNICATION;2012-09-01;14 RUE BOISNET 49100 ANGERS;70.21Z;Conseil en relations publiques et communication
50889298100020;360 EM DESIGN;2009-04-24;25 RUE LENEPVEU 49100 ANGERS;70.21Z;Conseil en relations publiques et communication
79790754000026;DIMENSION C&C;2016-06-01;12 RUE DES ARENES 49100 ANGERS;70.21Z;Conseil en relations publiques et communication
80816632600013;ASSOCIATION COP&COM;2014-12-31;1 RUE DES ZEPHIRS 49100 ANGERS;70.21Z;Conseil en relations publiques et communication
91334338000014;INDIWEE DIGITAL;2022-04-15;30 AV DU LAC DE MAINE 49000 ANGERS;70.21Z;Conseil en relations publiques et communication
78612048500010;CTRE DIOCESAIN INFORMATION CHRETIENS MED;1990-01-01;25 RUE DU CANAL 49100 ANGERS;70.21Z;Conseil en relations publiques et communication
51048801800019;A ET K MIXMEDIA;2009-02-01;24 RUE DU MAIL 49100 ANGERS;70.21Z;Conseil en relations publiques et communication
80527766200013;MY FIVE;2014-10-07;74 RUE VOLNEY 49000 ANGERS;70.21Z;Conseil en relations publiques et communication
94814124700015;LIGHT. COMMUNICATION;2023-01-16;25 RUE LENEPVEU 49100 ANGERS;70.21Z;Conseil en relations publiques et communication
40955421900025;NET CONCEPT;2001-01-17;1 RUE ALEXANDRE FLEMING 49000 ANGERS;62.02A;Conseil en systèmes et logiciels informatiques
42422832800029;CYNATEO;2001-04-05;5 RUE ALEXANDRE FLEMING 49000 ANGERS;62.02A;Conseil en systèmes et logiciels informatiques
43517061800084;E-THEMIS;2010-12-28;4 RUE DE LA CHAMBRE AUX DENIERS 49000 ANGERS;62.02A;Conseil en systèmes et logiciels informatiques
75385572500044;I.T SEIGNEMORTE;2019-01-15;71 RUE DU MAIL 49100 ANGERS;62.02A;Conseil en systèmes et logiciels informatiques
75273918500094;ALTILOIRE;2022-09-01; RUE DU GRAND LAUNAY 49000 ANGERS;62.02A;Conseil en systèmes et logiciels informatiques
51966305800013;WIZENTIS;2010-02-01;12 RUE FREDERIC CHATELUS 49000 ANGERS;62.02A;Conseil en systèmes et logiciels informatiques
79958621900021;NDP SYSTEMES;2014-10-06;6 PAS DU DOYENNE 49100 ANGERS;62.02A;Conseil en systèmes et logiciels informatiques
79958621900039;NDP SYSTEMES;2017-09-01;152 AV GENERAL PATTON 49000 ANGERS;62.02A;Conseil en systèmes et logiciels informatiques
82768287300019;TRACKEET SOFTWARE;2017-02-03;25 RUE LENEPVEU 49100 ANGERS;62.02A;Conseil en systèmes et logiciels informatiques
82921910400017;JOBRIN;2017-03-21;32 RUE FRANCOIS MAURIAC 49000 ANGERS;62.02A;Conseil en systèmes et logiciels informatiques
84176462400018;AGILIGO CYBERSECURITE;2018-05-31;4 RUE PAPIAU DE LA VERRIE 49000 ANGERS;62.02A;Conseil en systèmes et logiciels informatiques
81478842800039;FLATIRONS SAS;2020-09-30;1 RUE DE BUFFON 49100 ANGERS;62.02A;Conseil en systèmes et logiciels informatiques
81989192000020;JFB CONSULTING;2021-06-27;14 RUE MENAGE 49100 ANGERS;62.02A;Conseil en systèmes et logiciels informatiques
51863844000058;ADY CONSULTING;2021-08-01;15 RUE JEAN COUSIN 49100 ANGERS;62.02A;Conseil en systèmes et logiciels informatiques
49055755000020;GEPI;2015-09-09; ALL DU GRAND LAUNAY 49000 ANGERS;62.02A;Conseil en systèmes et logiciels informatiques
91998876600011;PASANJA;2022-09-28;11 RUE EDGAR DEGAS 49000 ANGERS;62.02A;Conseil en systèmes et logiciels informatiques
92242509500010;ANTHONY MERAND;2023-01-01;15 BD DU MARECHAL FOCH 49100 ANGERS;62.02A;Conseil en systèmes et logiciels informatiques
40334002900046;ALTURING;2001-07-01;3 BD ALBERT BLANCHOIN 49000 ANGERS;62.02A;Conseil en systèmes et logiciels informatiques
52471867300014;KALICONSEIL;2010-09-01;53 AV DU GRESILLE 49000 ANGERS;62.02A;Conseil en systèmes et logiciels informatiques
38237087200030;RILLCOM;2018-11-01;2 RUE DU DOC BONHOMME 49100 ANGERS;62.02A;Conseil en systèmes et logiciels informatiques
40096273400036;SARL UNIP ETUDE DEVELOP CONSEIL INFORMAT;2006-07-21;2 RUE DE LA CHAMBRE AUX DENIERS 49000 ANGERS;62.02A;Conseil en systèmes et logiciels informatiques
40096273400028;SARL UNIP ETUDE DEVELOP CONSEIL INFORMAT;1999-03-06;30 AV DU LAC DE MAINE 49000 ANGERS;62.02A;Conseil en systèmes et logiciels informatiques
51333169400028;ORDI PRO ASSISTANCE;2012-06-28;94 AV PASTEUR 49100 ANGERS;62.02A;Conseil en systèmes et logiciels informatiques
51346667200013;EDEN SOLUTIONS;2009-07-01;157 AV GENERAL PATTON 49000 ANGERS;62.02A;Conseil en systèmes et logiciels informatiques
49282122800011;ECZOD;2006-11-15;11 RUE DE L ETANG 49000 ANGERS;62.02A;Conseil en systèmes et logiciels informatiques
50424611700023;AXONE SERVICES;2009-03-02;76 RUE DE LA MEIGNANNE 49100 ANGERS;62.02A;Conseil en systèmes et logiciels informatiques
38949808000057;SYNERLOG;2001-06-01;11 RUE DE BUFFON 49100 ANGERS;62.02A;Conseil en systèmes et logiciels informatiques
44135477600037;ILTR;2017-05-01;35 RUE CHATEAU D ORGEMONT 49000 ANGERS;62.02A;Conseil en systèmes et logiciels informatiques
45110953200015;PDA SERVICES;2003-11-24;9 SQ EUGENE VARLIN 49000 ANGERS;62.02A;Conseil en systèmes et logiciels informatiques
75159976200026;CNP TECHNOLOGIES DE L'INFORMATION;2012-05-07;1 PL FRANCOIS MITTERRAND 49100 ANGERS;62.02A;Conseil en systèmes et logiciels informatiques
78826759900199;TGS FRANCE INFORMATIQUE;2011-11-28;43 AV DU GRESILLE 49000 ANGERS;62.02A;Conseil en systèmes et logiciels informatiques
88806148800019;INFO B.I.;2020-08-06;2 SQ LA FAYETTE 49000 ANGERS;62.02A;Conseil en systèmes et logiciels informatiques
82780505200012;HELINE CONSEIL;2017-02-15;4 RUE FERNAND FOREST 49000 ANGERS;62.02A;Conseil en systèmes et logiciels informatiques
89459299700015;EURL GILLOT MAXIME INFORMATIQUE;2021-02-01;45 ALL GUILLAUME CERISAY 49000 ANGERS;62.02A;Conseil en systèmes et logiciels informatiques
89011174300021;BIG CORPORATION;2021-05-01;18 RUE DUPETIT THOUARS 49000 ANGERS;62.02A;Conseil en systèmes et logiciels informatiques
84161902600021;EFFIDIC;2021-03-14;8 PL MONSEIGNEUR RUMEAU 49100 ANGERS;62.02A;Conseil en systèmes et logiciels informatiques
42045838200405;SODIFRANCE ISIS;2014-10-01;11 BD DU MARECHAL JOFFRE 49100 ANGERS;62.02A;Conseil en systèmes et logiciels informatiques
42885146300045;APOGEA;2007-01-01;6 RUE DU GRAND LAUNAY 49000 ANGERS;62.02A;Conseil en systèmes et logiciels informatiques
64205873900565;BULL SAS;1900-01-01;331 AV GENERAL PATTON 49000 ANGERS;62.02A;Conseil en systèmes et logiciels informatiques
49431912200029;XMMX DESIGN;2010-04-01;2 SQ LA FAYETTE 49000 ANGERS;62.02A;Conseil en systèmes et logiciels informatiques
50004351800033;SENETEL;2011-04-30;6 RUE DES FOURS A CHAUX 49100 ANGERS;62.02A;Conseil en systèmes et logiciels informatiques
48357333300026;SIMPHONIS;2006-02-01;1 RUE DE LA BARRE 49000 ANGERS;62.02A;Conseil en systèmes et logiciels informatiques
80133060600030;FLOW LINE INTEGRATION;2016-04-01;58 BD DE STRASBOURG 49000 ANGERS;62.02A;Conseil en systèmes et logiciels informatiques
80056769500039;LEMNIA;2015-09-14;9 RUE ALEXANDRE FLEMING 49000 ANGERS;62.02A;Conseil en systèmes et logiciels informatiques
83025842200013;AGILIGO SOLUTIONS;2017-06-12;4 RUE PAPIAU DE LA VERRIE 49000 ANGERS;62.02A;Conseil en systèmes et logiciels informatiques
88951003800017;NOEMATIC;2020-09-16;32 RUE CHATEAU GONTIER 49100 ANGERS;62.02A;Conseil en systèmes et logiciels informatiques
80309973800012;IDSTM CONSEIL;2014-06-26;87 ALL GUILLAUME CERISAY 49000 ANGERS;62.02A;Conseil en systèmes et logiciels informatiques
83281218400022;WISMAS;2019-08-28;19 RUE DE LA MAITRE ECOLE 49000 ANGERS;62.02A;Conseil en systèmes et logiciels informatiques
89789668400015;YOOLEARN 24;2021-03-25;96 RUE DES PONTS DE CE 49000 ANGERS;62.02A;Conseil en systèmes et logiciels informatiques
39943524700016;JJC CONSULTANTS;1995-01-02;17 RUE BODINIER 49100 ANGERS;62.02A;Conseil en systèmes et logiciels informatiques
39265436400034;M B G PARTENAIRES;1999-01-15;461 RUE SAINT LEONARD 49000 ANGERS;62.02A;Conseil en systèmes et logiciels informatiques
38858607500011;EIG SANTE;1992-09-15;10 BD HENRI ARNAULD 49100 ANGERS;62.02A;Conseil en systèmes et logiciels informatiques
33050726000074;A.C.S.INFORMATIQUE;1991-07-15;221 RUE DU DOCTEUR GUICHARD 49000 ANGERS;62.02A;Conseil en systèmes et logiciels informatiques
50329305200026;DSI SOLUTIONS;2013-08-27;7 RUE ALEXANDRE FLEMING 49000 ANGERS;62.02A;Conseil en systèmes et logiciels informatiques
78826759900025;TGS FRANCE INFORMATIQUE;1900-01-01;92 RUE CHATEAU D ORGEMONT 49000 ANGERS;62.02A;Conseil en systèmes et logiciels informatiques
44534538200037;TERAONE;2007-05-02;43 AV DU GRESILLE 49000 ANGERS;62.02A;Conseil en systèmes et logiciels informatiques
45250561300037;PINGWY;2007-03-01;27 RUE DES ARENES 49100 ANGERS;62.02A;Conseil en systèmes et logiciels informatiques
49118950200025;A4 INFORMATIQUE;2006-09-01;1 RUE DE LA BARRE 49000 ANGERS;62.02A;Conseil en systèmes et logiciels informatiques
84887647000024;AVEC CONSEIL;2022-03-01;2 RUE DU PETIT ARCEAU 49100 ANGERS;62.02A;Conseil en systèmes et logiciels informatiques
82754354700018;COTO CONSEIL;2017-02-02;53 RUE BOISNET 49100 ANGERS;62.02A;Conseil en systèmes et logiciels informatiques
83944224100015;YOONO;2018-05-02;7 RUE ALEXANDRE FLEMING 49000 ANGERS;62.02A;Conseil en systèmes et logiciels informatiques
83456458500018;ABQO;2018-01-08;15 RUE CONSTANT LEMOINE 49100 ANGERS;62.02A;Conseil en systèmes et logiciels informatiques
89011174300013;BIG CORPORATION;2020-10-09;4 AV VAUBAN 49000 ANGERS;62.02A;Conseil en systèmes et logiciels informatiques
80308212200034;ICAHN;2016-10-01;25 RUE LENEPVEU 49100 ANGERS;62.02A;Conseil en systèmes et logiciels informatiques
55214950200148;ATOS PARTICIPATION 2;1994-06-30;6 AV DE CONTADES 49000 ANGERS;62.02A;Conseil en systèmes et logiciels informatiques
32682006501487;SOPRA STERIA GROUP;2021-04-01;10 RUE FULTON 49000 ANGERS;62.02A;Conseil en systèmes et logiciels informatiques
45164065000029;COMPAGNON INFORMATIQUE;2005-11-07;1 RUE DE BREST 49100 ANGERS;62.02A;Conseil en systèmes et logiciels informatiques
48357333300059;SIMPHONIS;2012-01-01;152 AV GENERAL PATTON 49000 ANGERS;62.02A;Conseil en systèmes et logiciels informatiques
89826093000018;NPI CONSEIL;2021-04-07;220 RUE DU DOCTEUR GUICHARD 49000 ANGERS;62.02A;Conseil en systèmes et logiciels informatiques
90244236700014;ANDRE M PRO;2021-08-19;17 QUAI GAMBETTA 49100 ANGERS;62.02A;Conseil en systèmes et logiciels informatiques
90868596900010;JCL CONSULTING;2021-11-23;32 RUE DE LA BRISEPOTIERE 49100 ANGERS;62.02A;Conseil en systèmes et logiciels informatiques
38949808000024;SYNERLOG;1995-01-01;54 RUE DE LA PARCHEMINERIE 49100 ANGERS;62.02A;Conseil en systèmes et logiciels informatiques
82277938500019;THEDEV;2016-09-27;25 RUE LENEPVEU 49100 ANGERS;62.02A;Conseil en systèmes et logiciels informatiques
82248492900028;HOMER MULTI-SIMULATION;2019-06-01;25 RUE LENEPVEU 49100 ANGERS;62.02A;Conseil en systèmes et logiciels informatiques
82750507400019;GRUMPY GUY;2017-01-25;29 RUE DU CORNET 49100 ANGERS;62.02A;Conseil en systèmes et logiciels informatiques
79987159500010;MINE THE GAP;2014-01-13;20 RUE DES VIEILLES CARRIERES 49000 ANGERS;62.02A;Conseil en systèmes et logiciels informatiques
79892992300026;DOCAYO;2021-09-09;2 QUAI DES CARMES 49100 ANGERS;62.02A;Conseil en systèmes et logiciels informatiques
87749255300012;DIGITALANDMARKS;2019-09-11;8 RUE LE NOTRE 49000 ANGERS;62.02A;Conseil en systèmes et logiciels informatiques
42429709100011;2R MUSIC;1999-09-09;25 RUE LENEPVEU 49100 ANGERS;62.02A;Conseil en systèmes et logiciels informatiques
41803193600010;INFOLOGIE;1998-03-02;47 RUE DU GRAND DOUZILLE 49000 ANGERS;62.02A;Conseil en systèmes et logiciels informatiques
44135477600011;ILTR;2002-04-03;8 RUE LE NOTRE 49000 ANGERS;62.02A;Conseil en systèmes et logiciels informatiques
44477410300030;PREDELL CONSULTING;2019-05-01;7 RUE ALEXANDRE FLEMING 49000 ANGERS;62.02A;Conseil en systèmes et logiciels informatiques
43993103100041;SURVISION;2008-10-01;9 SQ MAURICE BLANCHARD 49100 ANGERS;62.02A;Conseil en systèmes et logiciels informatiques
48261546500036;GRN LOGISTIC;2014-06-24;122 RUE CHATEAU D ORGEMONT 49000 ANGERS;62.02A;Conseil en systèmes et logiciels informatiques
75385572500051;I.T SEIGNEMORTE;2019-07-15;18 SQ FREDERIC MISTRAL 49100 ANGERS;62.02A;Conseil en systèmes et logiciels informatiques
32219010900288;EURO-INFORMATION PRODUCTION - GROUPEMENT INFORMATIQUE;2016-01-01;1 PL MOLIERE 49100 ANGERS;62.02A;Conseil en systèmes et logiciels informatiques
40955421900017;NET CONCEPT;1996-10-28;3 RUE ALEXANDRE FLEMING 49000 ANGERS;62.02A;Conseil en systèmes et logiciels informatiques
52496733800012;PYTAE;2010-09-22;52 BD SAINT MICHEL 49100 ANGERS;62.02A;Conseil en systèmes et logiciels informatiques
52457089200017;WEB APP;2010-07-31;25 RUE LENEPVEU 49100 ANGERS;62.02A;Conseil en systèmes et logiciels informatiques
48002667300016;FCS;2004-12-22;281 RUE SAINT LEONARD 49000 ANGERS;62.02A;Conseil en systèmes et logiciels informatiques
49416514500033;PRAGMINFO;2011-03-01;1 RUE DE PLAISANCE 49000 ANGERS;62.02A;Conseil en systèmes et logiciels informatiques
49416514500025;PRAGMINFO;2008-03-01;27 BD VICTOR BEAUSSIER 49000 ANGERS;62.02A;Conseil en systèmes et logiciels informatiques
49784917400022;YUPI;2008-03-01;21 RUE JEAN LOUIS BARRAULT 49000 ANGERS;62.02A;Conseil en systèmes et logiciels informatiques
50329305200018;DSI SOLUTIONS;2008-03-17;8 RUE DE SUFFREN 49000 ANGERS;62.02A;Conseil en systèmes et logiciels informatiques
42429709100029;2R MUSIC;2008-03-03;11 PL FRANCOIS MITTERRAND 49100 ANGERS;62.02A;Conseil en systèmes et logiciels informatiques
43917595100029;IPS INTEGRATED PROCESS SOLUTIONS;2007-04-13;2 SQ LA FAYETTE 49000 ANGERS;62.02A;Conseil en systèmes et logiciels informatiques
79833073400038;SOFT-ENOV;2016-05-01;5 RUE ALEXANDRE FLEMING 49000 ANGERS;62.02A;Conseil en systèmes et logiciels informatiques
53133878800015;KIDITIC;2011-04-01;7 RUE ALEXANDRE FLEMING 49000 ANGERS;62.02A;Conseil en systèmes et logiciels informatiques
81989192000012;JFB CONSULTING;2016-04-23;8 RUE D IENA 49100 ANGERS;62.02A;Conseil en systèmes et logiciels informatiques
82208983500018;ARTIL;2016-08-18;25 RUE LENEPVEU 49100 ANGERS;62.02A;Conseil en systèmes et logiciels informatiques
90359237600011;CODEKRAFT;2021-09-24;25 RUE LENEPVEU 49100 ANGERS;62.02A;Conseil en systèmes et logiciels informatiques
94852015000012;CEDA CONSULTING;2023-01-25;44 RUE DE LA BRISEPOTIERE 49100 ANGERS;62.02A;Conseil en systèmes et logiciels informatiques
91469050800017;MAV'IT;2022-06-15;33 RUE MARIE DURAND 49000 ANGERS;62.02A;Conseil en systèmes et logiciels informatiques
91040902800016;IT PUNCH;2022-02-09;45 BD JACQUES PORTET 49000 ANGERS;62.02A;Conseil en systèmes et logiciels informatiques
35193828700049;HPG;1996-11-01;46 RUE SAINT LAZARE 49100 ANGERS;62.02A;Conseil en systèmes et logiciels informatiques
38858607500029;EIG SANTE;1998-03-01;10 RUE BODINIER 49100 ANGERS;62.02A;Conseil en systèmes et logiciels informatiques
79056566700025;JRE CONSULTING;2018-07-17;25 RUE LENEPVEU 49100 ANGERS;62.02A;Conseil en systèmes et logiciels informatiques
79074765300034;QUEEMY CONSULTING FRANCE;2018-06-05;15 BD DAVIERS 49100 ANGERS;62.02A;Conseil en systèmes et logiciels informatiques
51309837600025;QOWISIO;2009-09-01;8 BD CHARLES DETRICHE 49000 ANGERS;62.02A;Conseil en systèmes et logiciels informatiques
40249537800034;INFOVIVE;2007-11-21;2 SQ LA FAYETTE 49000 ANGERS;62.02A;Conseil en systèmes et logiciels informatiques
53242479300018;PCM TECHNOLOGIE;2011-04-01;30 RUE RENE LA COMBE 49100 ANGERS;62.02A;Conseil en systèmes et logiciels informatiques
53302771000037;SAPSTARS;2016-09-30;6 RUE RENE RABAULT 49100 ANGERS;62.02A;Conseil en systèmes et logiciels informatiques
53094258000016;CALLISTA CONSULTING;2011-04-04;25 AV YOLANDE D'ARAGON 49100 ANGERS;62.02A;Conseil en systèmes et logiciels informatiques
53135694700014;QUOTEX;2011-03-20;4 RUE SAINT MAURILLE 49100 ANGERS;62.02A;Conseil en systèmes et logiciels informatiques
49415168100041;OBEXTO GROUP;2015-06-29;1 RUE DE PLAISANCE 49000 ANGERS;62.02A;Conseil en systèmes et logiciels informatiques
49415168100058;OBEXTO GROUP;2017-01-01;7 RUE ALEXANDRE FLEMING 49000 ANGERS;62.02A;Conseil en systèmes et logiciels informatiques
50288243400017;SARL DEEG;2008-02-01;27 RUE SAINT LAZARE 49100 ANGERS;62.02A;Conseil en systèmes et logiciels informatiques
50026028600041;ILLICO RESEAU;2019-10-01; RUE PAPIAU DE LA VERRIE 49000 ANGERS;62.02A;Conseil en systèmes et logiciels informatiques
50922917500013;SOQRATE NOTAIRES;2008-11-05;3 RUE ALEXANDRE FLEMING 49000 ANGERS;62.02A;Conseil en systèmes et logiciels informatiques
64205873902959;BULL SAS;1992-07-01; RUE GEORGES MANDEL 49000 ANGERS;62.02A;Conseil en systèmes et logiciels informatiques
49055755000012;GEPI;2006-06-12;14 PL DE LA DAUVERSIERE 49000 ANGERS;62.02A;Conseil en systèmes et logiciels informatiques
31728838900065;FIDUCIAL INFORMATIQUE;1987-11-30;31 RUE D ORGEMONT 49000 ANGERS;62.02A;Conseil en systèmes et logiciels informatiques
40096273400010;SARL UNIP ETUDE DEVELOP CONSEIL INFORMAT;1995-05-15;5 RUE FERNAND FOREST 49000 ANGERS;62.02A;Conseil en systèmes et logiciels informatiques
53135694700030;QUOTEX;2015-09-01;25 RUE LENEPVEU 49100 ANGERS;62.02A;Conseil en systèmes et logiciels informatiques
64205873903320;BULL SAS;2000-01-01;357 AV GENERAL PATTON 49000 ANGERS;62.02A;Conseil en systèmes et logiciels informatiques
50843674800018;ANJOU INFORMATIQUE DEPANNAGE ASSISTANCE SERVICES;2008-10-01;10 RUE DE LA ROE 49100 ANGERS;62.02A;Conseil en systèmes et logiciels informatiques
51863844000025;ADY CONSULTING;2011-08-01;3 SQ ROLAND DORGELES 49100 ANGERS;62.02A;Conseil en systèmes et logiciels informatiques
49282122800029;ECZOD;2009-01-09;10 PL DE LA DAUVERSIERE 49000 ANGERS;62.02A;Conseil en systèmes et logiciels informatiques
50416197700013;PYC CONSEIL;2008-05-06;22 RUE KLEBER 49000 ANGERS;62.02A;Conseil en systèmes et logiciels informatiques
50359125700012;TERAONE INVENTIVE;2008-04-01;43 AV DU GRESILLE 49000 ANGERS;62.02A;Conseil en systèmes et logiciels informatiques
52471867300022;KALICONSEIL;2014-07-01;5 BD PABLO PICASSO 49000 ANGERS;62.02A;Conseil en systèmes et logiciels informatiques
49118950200033;A4 INFORMATIQUE;2009-09-01;2 SQ GASTON ALLARD 49000 ANGERS;62.02A;Conseil en systèmes et logiciels informatiques
49431912200011;XMMX DESIGN;2007-02-01;62 SQ DE LA CHOUANIERE 49000 ANGERS;62.02A;Conseil en systèmes et logiciels informatiques
42422832800011;CYNATEO;1999-10-04;8 RUE LE NOTRE 49000 ANGERS;62.02A;Conseil en systèmes et logiciels informatiques
45243666000016;HD COM SARL;2004-03-15;24 RUE DES MIMOSAS 49100 ANGERS;62.02A;Conseil en systèmes et logiciels informatiques
43267383800053;CODILOG;2019-03-01;5 RUE PAPIAU DE LA VERRIE 49000 ANGERS;62.02A;Conseil en systèmes et logiciels informatiques
42158562100020;INNOV PRO SARL;2014-03-01;92 RUE CHATEAU D ORGEMONT 49000 ANGERS;62.02A;Conseil en systèmes et logiciels informatiques
51346667200021;EDEN SOLUTIONS;2011-09-26;52 BD VICTOR BEAUSSIER 49000 ANGERS;62.02A;Conseil en systèmes et logiciels informatiques
51309837600058;QOWISIO;2015-09-22;4 RUE FULTON 49000 ANGERS;62.02A;Conseil en systèmes et logiciels informatiques
82118135100015;ANGERONE;2016-05-30;25 RUE LENEPVEU 49100 ANGERS;62.02A;Conseil en systèmes et logiciels informatiques
83218399000015;MINING EURL;2017-09-18;28 RUE JEAN-BAPTISTE CLEMENT 49000 ANGERS;62.02A;Conseil en systèmes et logiciels informatiques
82872650500013;INCLUDE;2017-04-01;5 RUE DE ROC EPINE 49100 ANGERS;62.02A;Conseil en systèmes et logiciels informatiques
84246837300027;SYSENTIVE;2019-08-01;7 PL DU RALLIEMENT 49100 ANGERS;62.02A;Conseil en systèmes et logiciels informatiques
85365660100012;CONNECT-2M;2019-08-12;44 RUE SAINT AUBIN 49100 ANGERS;62.02A;Conseil en systèmes et logiciels informatiques
33915594700023;SOLUTION INFORMATIQUE ET DEVELOPPEMENT;1989-11-20;4 RUE DE LA CHAMBRE AUX DENIERS 49000 ANGERS;62.02A;Conseil en systèmes et logiciels informatiques
38858607500037;EIG SANTE;2008-01-02;40 AV GENERAL PATTON 49000 ANGERS;62.02A;Conseil en systèmes et logiciels informatiques
38434702700086;IA LOGIC;2018-11-01;2 RUE DU DOC BONHOMME 49100 ANGERS;62.02A;Conseil en systèmes et logiciels informatiques
38789640000109;S.R.P.;2004-09-01;4 RUE DE LA CHAMBRE AUX DENIERS 49000 ANGERS;62.02A;Conseil en systèmes et logiciels informatiques
53022420300014;DUVAL CONSULTING;2011-02-01;64 RUE JEANNE QUEMARD 49000 ANGERS;62.02A;Conseil en systèmes et logiciels informatiques
35193828700023;HPG;1990-06-01;73 RUE EBLE 49000 ANGERS;62.02A;Conseil en systèmes et logiciels informatiques
35193828700056;HPG;2002-08-01;2 SQ GASTON ALLARD 49000 ANGERS;62.02A;Conseil en systèmes et logiciels informatiques
50447236600013;CITRUCE;2008-06-04;11 RUE DE L ETANG 49000 ANGERS;62.02A;Conseil en systèmes et logiciels informatiques
51333169400036;ORDI PRO ASSISTANCE;2017-06-01;20 RUE BRESSIGNY 49100 ANGERS;62.02A;Conseil en systèmes et logiciels informatiques
51809073300032;ORINEA;2021-11-02;25 RUE LENEPVEU 49100 ANGERS;62.02A;Conseil en systèmes et logiciels informatiques
55214950200130;ATOS PARTICIPATION 2;1993-12-31;1 RUE DE LA CHAUSSEE ST PIERRE 49100 ANGERS;62.02A;Conseil en systèmes et logiciels informatiques
79056566700017;JRE CONSULTING;2013-01-16;117 RTE DE LA PYRAMIDE 49000 ANGERS;62.02A;Conseil en systèmes et logiciels informatiques
79211043900033;CTRL-AM;2021-07-29;11 BD JOSEPH BEDIER 49000 ANGERS;62.02A;Conseil en systèmes et logiciels informatiques
49400238900059;PERINFO;2021-10-21;9 RUE ALEXANDRE FLEMING 49000 ANGERS;62.02A;Conseil en systèmes et logiciels informatiques
53302771000029;SAPSTARS;2013-08-08;20 ALL AIME CESAIRE 49100 ANGERS;62.02A;Conseil en systèmes et logiciels informatiques
42158562100012;INNOV PRO SARL;1999-01-15;2 SQ GASTON ALLARD 49000 ANGERS;62.02A;Conseil en systèmes et logiciels informatiques
42499058800024;ATHENA SYSTEMS;2000-10-23;4 RUE DES GATS 49100 ANGERS;62.02A;Conseil en systèmes et logiciels informatiques
38949808000073;SYNERLOG;2022-05-31;1 RUE DE LA BARRE 49000 ANGERS;62.02A;Conseil en systèmes et logiciels informatiques
43267383800038;CODILOG;2016-01-01;12 RUE PAPIAU DE LA VERRIE 49000 ANGERS;62.02A;Conseil en systèmes et logiciels informatiques
45401936500021;A.I.SARL;2009-03-02;76 RUE DE LA MEIGNANNE 49100 ANGERS;62.02A;Conseil en systèmes et logiciels informatiques
82248492900010;HOMER MULTI-SIMULATION;2016-08-12;76 BD JOSEPH BEDIER 49000 ANGERS;62.02A;Conseil en systèmes et logiciels informatiques
80056769500047;LEMNIA;2017-04-01;2 SQ GASTON ALLARD 49000 ANGERS;62.02A;Conseil en systèmes et logiciels informatiques
83493320200014;BRW SOLUTIONS;2018-02-01;66 RUE DU MAINE 49100 ANGERS;62.02A;Conseil en systèmes et logiciels informatiques
85016797400011;GREEN SCALE ALCHEMY;2019-04-10;31 RUE DU QUINCONCE 49100 ANGERS;62.02A;Conseil en systèmes et logiciels informatiques
94769928600011;ICAHN TECHNOLOGIE;2023-01-01;33 RUE PIERRE JOSEPH PROUDHON 49000 ANGERS;62.02A;Conseil en systèmes et logiciels informatiques
38237087200022;RILLCOM;1991-10-01;6 RUE DES FOURS A CHAUX 49100 ANGERS;62.02A;Conseil en systèmes et logiciels informatiques
53022420300022;DUVAL CONSULTING;2011-05-01;5 RUE PIERRE GAUBERT 49000 ANGERS;62.02A;Conseil en systèmes et logiciels informatiques
53481436300014;G2R CONSULTING;2011-09-02;50 AV VAUBAN 49000 ANGERS;62.02A;Conseil en systèmes et logiciels informatiques
51863844000017;ADY CONSULTING;2009-12-08;53 RUE SAINT LAZARE 49100 ANGERS;62.02A;Conseil en systèmes et logiciels informatiques
51309837600017;QOWISIO;2009-06-10;8 RUE LE NOTRE 49000 ANGERS;62.02A;Conseil en systèmes et logiciels informatiques
81220347900066;SERMA SAFETY AND SECURITY;2019-09-02;10 BD HENRI ARNAULD 49100 ANGERS;62.02A;Conseil en systèmes et logiciels informatiques
82750507400027;GRUMPY GUY;2022-02-01;25 RUE LENEPVEU 49100 ANGERS;62.02A;Conseil en systèmes et logiciels informatiques
82780505200038;HELINE CONSEIL;2019-07-01;59 BD DE STRASBOURG 49000 ANGERS;62.02A;Conseil en systèmes et logiciels informatiques
42045838200397;SODIFRANCE ISIS;2013-10-01;1 RUE DE BUFFON 49100 ANGERS;62.02A;Conseil en systèmes et logiciels informatiques
43833763600080;SAS FLOW LINE;2011-09-01;58 BD DE STRASBOURG 49000 ANGERS;62.02A;Conseil en systèmes et logiciels informatiques
44135477600029;ILTR;2004-03-01;5 AV DE LA BALLUE 49000 ANGERS;62.02A;Conseil en systèmes et logiciels informatiques
52029451300012;HEURISIS;2010-01-18;8 RUE LE NOTRE 49000 ANGERS;62.02A;Conseil en systèmes et logiciels informatiques
52029451300020;HEURISIS;2012-11-01;9 RUE ALEXANDRE FLEMING 49000 ANGERS;62.02A;Conseil en systèmes et logiciels informatiques
90779403600018;RB DEVELOPPEMENT;2021-11-23;14 RUE DU HAUT ROCHER 49100 ANGERS;62.02A;Conseil en systèmes et logiciels informatiques
37931165700058;CONSEIL RESEAU TELE-INFORMATIQUE;2004-08-01;7 RUE ALEXANDRE FLEMING 49000 ANGERS;62.02A;Conseil en systèmes et logiciels informatiques
79920187600015;AFONE INFRASTRUCTURE;2013-12-05;11 PL FRANCOIS MITTERRAND 49100 ANGERS;62.02A;Conseil en systèmes et logiciels informatiques
64205873902215;BULL SAS;1986-07-29;  CENTRE CIAL DU GD MAINE 49000 ANGERS;62.02A;Conseil en systèmes et logiciels informatiques
84132130000029;OOB - SECURITY;2021-11-23;25 RUE LENEPVEU 49100 ANGERS;62.02A;Conseil en systèmes et logiciels informatiques
51333169400010;ORDI PRO ASSISTANCE;2009-07-01;8 RUE JEAN MERMOZ 49000 ANGERS;62.02A;Conseil en systèmes et logiciels informatiques
51978462300026;PANDION;2010-03-01;9 RUE ALEXANDRE FLEMING 49000 ANGERS;62.02A;Conseil en systèmes et logiciels informatiques
50004351800041;SENETEL;2012-10-25;17 AV RENE GASNIER 49100 ANGERS;62.02A;Conseil en systèmes et logiciels informatiques
42045838200470;SODIFRANCE ISIS;2019-07-01;10 RUE FULTON 49000 ANGERS;62.02A;Conseil en systèmes et logiciels informatiques
42422832800037;CYNATEO;2008-02-15;15 RUE LETANDUERE 49000 ANGERS;62.02A;Conseil en systèmes et logiciels informatiques
42095166700013;ANIMAT ANJOU;1998-12-07;5 RUE COLBERT 49000 ANGERS;62.02A;Conseil en systèmes et logiciels informatiques
43517061800118;E-THEMIS;2012-12-01;355 AV GENERAL PATTON 49000 ANGERS;62.02A;Conseil en systèmes et logiciels informatiques
43009427600010;ANJOU CONSULTING;2000-04-01;68 RUE D ORGEMONT 49000 ANGERS;62.02A;Conseil en systèmes et logiciels informatiques
43993103100082;SURVISION;2016-10-20;3 RUE CARL LINNE 49000 ANGERS;62.02A;Conseil en systèmes et logiciels informatiques
89937586900026;PUPUCE CORP;2021-09-07;25 PL GREGOIRE BORDILLON 49100 ANGERS;62.02A;Conseil en systèmes et logiciels informatiques
89941178900014;DEUTERIUM SYSTEMS;2021-05-10;75 AV MONTAIGNE 49100 ANGERS;62.02A;Conseil en systèmes et logiciels informatiques
84107244000016;ICC PARTNERS;2018-07-01;17 RUE MARCEL VIGNE 49000 ANGERS;62.02A;Conseil en systèmes et logiciels informatiques
90868596900028;JCL CONSULTING;2022-12-26;114 RUE DU LUTIN 49100 ANGERS;62.02A;Conseil en systèmes et logiciels informatiques
33050726000082;A.C.S.INFORMATIQUE;1998-05-15;122 RUE CHATEAU D ORGEMONT 49000 ANGERS;62.02A;Conseil en systèmes et logiciels informatiques
40096273400044;SARL UNIP ETUDE DEVELOP CONSEIL INFORMAT;2016-01-15; RUE DU GRAND LAUNAY 49000 ANGERS;62.02A;Conseil en systèmes et logiciels informatiques
75273918500086;ALTILOIRE;2015-03-10;1 RUE DE LA BARRE 49000 ANGERS;62.02A;Conseil en systèmes et logiciels informatiques
49369372500019;VICTORIAA;2007-02-01;19 RUE LAMARCK 49000 ANGERS;62.02A;Conseil en systèmes et logiciels informatiques
