Code de la commune;Commune;Nom de l'élu;Prénom de l'élu;Fonction;Sexe
49015;Avrillé;BAILLIF APPLINCOURT;Sophie;;Femme
49015;Avrillé;BERGUE;Magali;2ème adjoint au Maire;Femme
49015;Avrillé;BOLO;Philippe;;Homme
49015;Avrillé;BOURSIN;Melanie;;Femme
49015;Avrillé;CESBRON;Catherine;;Femme
49015;Avrillé;CHEVROTIN;Dannièle;;Femme
49015;Avrillé;COSSERON;Jean-Claude;;Homme
49015;Avrillé;CROS;Severine;6ème adjoint au Maire;Femme
49015;Avrillé;DE SINGLY;Marc;7ème adjoint au Maire;Homme
49015;Avrillé;DE VERNEUL;Alix;;Femme
49015;Avrillé;DELETRE;Alain;;Homme
49015;Avrillé;FOGANG;Louis;;Homme
49015;Avrillé;FOUCAULT;Michel;;Homme
49015;Avrillé;GALLARD;Agnes;4ème adjoint au Maire;Femme
49015;Avrillé;GUETTIER;Céline;;Femme
49015;Avrillé;HALLIGON;Jean;1er adjoint au Maire;Homme
49015;Avrillé;HOUSSIN-SALVETAT;Caroline;Maire;Femme
49015;Avrillé;LE HO;Maud;;Femme
49015;Avrillé;LE MONNIER;Régine;;Femme
49015;Avrillé;LEBOEUF;Guylene;;Femme
49015;Avrillé;LEMOINE-MAULNY;Estelle;;Femme
49015;Avrillé;LUCAS;Patrice;5ème adjoint au Maire;Homme
49015;Avrillé;PINON;Herve;3ème adjoint au Maire;Homme
49015;Avrillé;POIROUX;Philippe;9ème adjoint au Maire;Homme
49015;Avrillé;RAFFENEAU;Hind;;Femme
49015;Avrillé;RAT;Annie;;Femme
49015;Avrillé;RAULT;Mangala;8ème adjoint au Maire;Femme
49015;Avrillé;SANTINHO;Florian;;Homme
49015;Avrillé;TROCHUT;Celine;;Femme
49015;Avrillé;VANBREMEERSCH;Augustin;;Homme
49015;Avrillé;VARLIN;Francois;;Homme
49015;Avrillé;VERGER;Michel;;Homme
49015;Avrillé;VIAUD;Laurent;;Homme
49048;Briollay;BOUCHARD;Dominique;;Femme
49048;Briollay;BOUCHER;Danielle;;Femme
49048;Briollay;CAILLERE;Joël;;Homme
49048;Briollay;CESBRON;Céline;;Femme
49048;Briollay;COURTOIS;Steven;;Homme
49048;Briollay;DESCHAMPS;Catherine;;Femme
49048;Briollay;FOUCHER;Sylvie;1er adjoint au Maire;Femme
49048;Briollay;GLETTY;Hélène;;Femme
49048;Briollay;HIE;Arnaud;Maire;Homme
49048;Briollay;KNOEPFFLER;Florent;;Homme
49048;Briollay;LEBLOND;Bernard;;Homme
49048;Briollay;LEROY;Sandrine;;Femme
49048;Briollay;MARANDEAU;Cédric;;Homme
49048;Briollay;MENUAU;Sophie;;Femme
49048;Briollay;MIGNOT;Jacky;4ème adjoint au Maire;Homme
49048;Briollay;NAY;Wilfried;;Homme
49048;Briollay;PORTET;Hervélina;;Femme
49048;Briollay;POULARD;Pascal;;Homme
49048;Briollay;RABU;Christine;3ème adjoint au Maire;Femme
49048;Briollay;STEPANOVSKY;Thierry;;Homme
49048;Briollay;VERGONDY;Audrey;;Femme
49048;Briollay;VIOT;Pierrick;2ème adjoint au Maire;Homme
49055;Cantenay-Epinard;ALMÉRAS;Amélie;;Femme
49055;Cantenay-Epinard;BOULAI;Angelique;;Femme
49055;Cantenay-Epinard;BOURGEOIS;Daniel;1er adjoint au Maire;Homme
49055;Cantenay-Epinard;CAILLEAU;Marc;Maire;Homme
49055;Cantenay-Epinard;CAMPAN;Christelle;;Femme
49055;Cantenay-Epinard;CERCEAU;Jean-Philippe;;Homme
49055;Cantenay-Epinard;CHAUVET;Fréderic;;Homme
49055;Cantenay-Epinard;FOULONNEAU;Stephane;;Homme
49055;Cantenay-Epinard;GELINEAU;David;;Homme
49055;Cantenay-Epinard;GESLIN;Aurelie;;Femme
49055;Cantenay-Epinard;GONET;Marie-Noelle;4ème adjoint au Maire;Femme
49055;Cantenay-Epinard;GUÉGNIARD;Sylvia;;Femme
49055;Cantenay-Epinard;JOUANNEAU;Christophe;;Homme
49055;Cantenay-Epinard;NAVEAU;Philippe;;Homme
49055;Cantenay-Epinard;PREZELIN;Jean-Philippe;5ème adjoint au Maire;Homme
49055;Cantenay-Epinard;QUINQUENEAU;Jean-Paul;3ème adjoint au Maire;Homme
49055;Cantenay-Epinard;RICOU;Frédérique;2ème adjoint au Maire;Femme
49055;Cantenay-Epinard;RIVIERE;Cécile;;Femme
49055;Cantenay-Epinard;SILORET;Pascal;;Homme
49129;Ecouflant;BERRUE;Chrisitine;;Femme
49129;Ecouflant;BOULIDARD;Guylaine;;Femme
49129;Ecouflant;CAMPION;Régis;;Homme
49129;Ecouflant;CARRÉ;Catherine;2ème adjoint au Maire;Femme
49129;Ecouflant;CATROUX;Frédéric;;Homme
49129;Ecouflant;CELLIER;Chantal;;Femme
49129;Ecouflant;CHALOPIN;Jean Michel;;Homme
49129;Ecouflant;CHIMIER;Denis;Maire;Homme
49129;Ecouflant;CLEMOT;Isabelle;;Femme
49129;Ecouflant;FOUQUET;Roselyne;;Femme
49129;Ecouflant;GERMON-DELALANDE;Sophie;;Femme
49129;Ecouflant;GIRARD;Nathalie;;Femme
49129;Ecouflant;GUYOMARC'H;Cedric;;Homme
49129;Ecouflant;HOUTIN;Janine;;Femme
49129;Ecouflant;JAGUELIN;Séverine;;Femme
49129;Ecouflant;LESCORNEZ;Christian;;Homme
49129;Ecouflant;MARCHAND;Michelle;8ème adjoint au Maire;Femme
49129;Ecouflant;PENOT;Jackie;5ème adjoint au Maire;Homme
49129;Ecouflant;PICHON;Odile;4ème adjoint au Maire;Femme
49129;Ecouflant;POIDEVINEAU;Jean-Luc;1er adjoint au Maire;Homme
49129;Ecouflant;ROUFFIGNAT;Philippe;;Homme
49129;Ecouflant;SABADEL;Guy;3ème adjoint au Maire;Homme
49129;Ecouflant;SAVREUX;Laurent;;Homme
49129;Ecouflant;SERGENT;François;;Homme
49129;Ecouflant;SOREAU;Jean-Francis;7ème adjoint au Maire;Homme
49129;Ecouflant;TOURNEUX;Chantal;6ème adjoint au Maire;Femme
49129;Ecouflant;VAN-ROY;Sébastien;;Homme
49200;Longuenée-En-Anjou;ALBERT;Bruno;;Homme
49200;Longuenée-En-Anjou;BERTHELOT;Régis;7ème adjoint au Maire;Homme
49200;Longuenée-En-Anjou;BRIOLAY;Hélène;;Femme
49200;Longuenée-En-Anjou;BRUAND;Yi;;Femme
49200;Longuenée-En-Anjou;CAPRON;Christine;;Femme
49200;Longuenée-En-Anjou;COSNEAU;Guillaume;;Homme
49200;Longuenée-En-Anjou;DENIS;Pascal;;Homme
49200;Longuenée-En-Anjou;DUARTE;Sylviane;2ème adjoint au Maire;Femme
49200;Longuenée-En-Anjou;DUARTE;Sylviane;Maire délégué;Femme
49200;Longuenée-En-Anjou;ESTEVAN;Carole;;Femme
49200;Longuenée-En-Anjou;FLEURIOT;Carole;;Femme
49200;Longuenée-En-Anjou;GESTIN;Thierry;;Homme
49200;Longuenée-En-Anjou;GONIDEC;Delphine;;Femme
49200;Longuenée-En-Anjou;GUERIN;Claude;3ème adjoint au Maire;Homme
49200;Longuenée-En-Anjou;GUERIN;Claude;Maire délégué;Homme
49200;Longuenée-En-Anjou;GUILLOUX;Laurence;6ème adjoint au Maire;Femme
49200;Longuenée-En-Anjou;HÉBÉ;Jean-Pierre;Maire;Homme
49200;Longuenée-En-Anjou;JAGUENEAU;Cendrine;;Femme
49200;Longuenée-En-Anjou;LONG;Pier Paolo;;Homme
49200;Longuenée-En-Anjou;LUCAS;Florence;4ème adjoint au Maire;Femme
49200;Longuenée-En-Anjou;LUCAS;Florence;Maire délégué;Femme
49200;Longuenée-En-Anjou;MAILLARD;Juliette;;Femme
49200;Longuenée-En-Anjou;MERCIER;Pascale;;Femme
49200;Longuenée-En-Anjou;MICHAUD;Céline;;Femme
49200;Longuenée-En-Anjou;MOISAN;Gérard;1er adjoint au Maire;Homme
49200;Longuenée-En-Anjou;MÉNEZ;Véronique;;Femme
49200;Longuenée-En-Anjou;NOUVET-DUMAINE;Marilyne;8ème adjoint au Maire;Femme
49200;Longuenée-En-Anjou;PAPIN;Laurent;;Homme
49200;Longuenée-En-Anjou;PELLETIER;Nicolas;;Homme
49200;Longuenée-En-Anjou;RAVERDY;Daniel;5ème adjoint au Maire;Homme
49200;Longuenée-En-Anjou;RAVERDY;Daniel;Maire délégué;Homme
49200;Longuenée-En-Anjou;ROY;Nicolas;;Homme
49200;Longuenée-En-Anjou;SALÉ;Daniel;;Homme
49200;Longuenée-En-Anjou;SEMON;Jean-François;;Homme
49200;Longuenée-En-Anjou;TESSIER;Lydie;;Femme
49294;Saint-Lambert-La-Potherie;BEAUMONT;Jean-Marie;;Homme
49294;Saint-Lambert-La-Potherie;BERTHEREAU;Marc;;Homme
49294;Saint-Lambert-La-Potherie;BONNAUD;Delphine;1er adjoint au Maire;Femme
49294;Saint-Lambert-La-Potherie;BROUARD;Vincent;;Homme
49294;Saint-Lambert-La-Potherie;CATHALOT;Mélanie;;Femme
49294;Saint-Lambert-La-Potherie;CHEVALIER DU FAU;Vanessa;;Femme
49294;Saint-Lambert-La-Potherie;DAVID;Vincent;;Homme
49294;Saint-Lambert-La-Potherie;DEMESLAY;Magali;;Femme
49294;Saint-Lambert-La-Potherie;DENECHEAU;Vincent;;Homme
49294;Saint-Lambert-La-Potherie;DEROMMELAERE;Françoise;3ème adjoint au Maire;Femme
49294;Saint-Lambert-La-Potherie;ECHELARD;David;6ème adjoint au Maire;Homme
49294;Saint-Lambert-La-Potherie;GILLET;Thomas;;Homme
49294;Saint-Lambert-La-Potherie;GROSSET;Corinne;Maire;Femme
49294;Saint-Lambert-La-Potherie;HUMEAU;Marie;;Femme
49294;Saint-Lambert-La-Potherie;LALONDE;Cédric;;Homme
49294;Saint-Lambert-La-Potherie;MATHE;Franck;;Homme
49294;Saint-Lambert-La-Potherie;PERDREAU;Christine;5ème adjoint au Maire;Femme
49294;Saint-Lambert-La-Potherie;VERNOUX;Virginie;;Femme
49294;Saint-Lambert-La-Potherie;VOISINE;Henri;2ème adjoint au Maire;Homme
49294;Saint-Lambert-La-Potherie;YOU;Didier;4ème adjoint au Maire;Homme
49307;Loire-Authion;ALBERT;Catherine;Maire délégué;Femme
49307;Loire-Authion;AUBIN;Bernard;Maire délégué;Homme
49307;Loire-Authion;BARBIER;Agnès;;Femme
49307;Loire-Authion;BERANGER;Myriam;3ème adjoint au Maire;Femme
49307;Loire-Authion;BOISSONNET;Marie-Claude;;Femme
49307;Loire-Authion;BROSSARD;Laurence;5ème adjoint au Maire;Femme
49307;Loire-Authion;CHARTIER;Michelle;;Femme
49307;Loire-Authion;CHARTIER;Patrick;;Homme
49307;Loire-Authion;COMBOT;Lisa;;Femme
49307;Loire-Authion;DABIN;Christine;;Femme
49307;Loire-Authion;DE COQUEREAUMONT;Eric;;Homme
49307;Loire-Authion;DEVIGILI;Pierre;;Homme
49307;Loire-Authion;DIARD;Carole;Maire délégué;Femme
49307;Loire-Authion;EL BAHRI;Hicham;;Homme
49307;Loire-Authion;EZECHIEL;Jean-Louis;;Homme
49307;Loire-Authion;FENARD;Philippe;;Homme
49307;Loire-Authion;FRANIK;Jackie;6ème adjoint au Maire;Homme
49307;Loire-Authion;HIMILY;Axel;;Homme
49307;Loire-Authion;HORNOY;Alain;Maire délégué;Homme
49307;Loire-Authion;HOUET;André;;Homme
49307;Loire-Authion;JAUNEAULT;Grégoire;2ème adjoint au Maire;Homme
49307;Loire-Authion;LE GUIADER;Helene;;Femme
49307;Loire-Authion;LEMOINE;Jeanne;;Femme
49307;Loire-Authion;LEPAGE;Danielle;Maire délégué;Femme
49307;Loire-Authion;M'BOUSSI;Georges;;Homme
49307;Loire-Authion;MANNI;Margot;;Femme
49307;Loire-Authion;MEIGNAN;Pierre-Noël;;Homme
49307;Loire-Authion;MOREAU;Patrick;;Homme
49307;Loire-Authion;OPREA;Paul;4ème adjoint au Maire;Homme
49307;Loire-Authion;PANNEFIEU;Bernard;;Homme
49307;Loire-Authion;PANNIER;Frederic;8ème adjoint au Maire;Homme
49307;Loire-Authion;PILLARD;Emilie;;Femme
49307;Loire-Authion;PINEAU;Christophe;;Homme
49307;Loire-Authion;POIRIER;Maryline;;Femme
49307;Loire-Authion;POVERT;Bérengère;;Femme
49307;Loire-Authion;PRONO;Jean-Charles;Maire;Homme
49307;Loire-Authion;RAULT;Daniel;Maire délégué;Homme
49307;Loire-Authion;RENOU;Marie-France;1er adjoint au Maire;Femme
49307;Loire-Authion;REVEREAULT;Audrey;Maire délégué;Femme
49307;Loire-Authion;ROLLAND;Hervé;;Homme
49307;Loire-Authion;ROUGER;Didier;;Homme
49307;Loire-Authion;TESSIER;Maryline;9ème adjoint au Maire;Femme
49307;Loire-Authion;VIAL;Claire;7ème adjoint au Maire;Femme
49307;Loire-Authion;VRIGNAUD;Patrick;;Homme
49326;Sarrigné;BEUGNON;Thibault;;Homme
49326;Sarrigné;BODUSSEAU;Sébastien;Maire;Homme
49326;Sarrigné;DRONIOU;Isabelle;;Femme
49326;Sarrigné;DUPERRAY;Guy;1er adjoint au Maire;Homme
49326;Sarrigné;ENON;Eric;2ème adjoint au Maire;Homme
49326;Sarrigné;GUICHETEAU;Laelia;;Femme
49326;Sarrigné;GUILLET;Sébastien;3ème adjoint au Maire;Homme
49326;Sarrigné;NEGREL;Isabelle;;Femme
49326;Sarrigné;ONILLON;Denise;;Femme
49326;Sarrigné;PASSELANDE;Jean-Noël;;Homme
49326;Sarrigné;PASSQUIN;Laëtitia;4ème adjoint au Maire;Femme
49326;Sarrigné;PITON;Julien;;Homme
49326;Sarrigné;POUPONNEAU;Philippe;;Homme
49326;Sarrigné;ROLAND;Roselyne;;Femme
49326;Sarrigné;SINEAU;Lucienne;;Femme
49329;Savennières;AUBINAUD;Sebastien;;Homme
49329;Savennières;CARVAL;Françoise;4ème adjoint au Maire;Femme
49329;Savennières;CHLEQ;Elise;;Femme
49329;Savennières;COCHAN;Jean-Louis;3ème adjoint au Maire;Homme
49329;Savennières;DAGORNE;Julien;;Homme
49329;Savennières;GIRAULT;Jérémy;Maire;Homme
49329;Savennières;GUICHARD;Catherine;;Femme
49329;Savennières;GUINUT;Gaëlle;2ème adjoint au Maire;Femme
49329;Savennières;GUISELIN;Laure;;Femme
49329;Savennières;MILITON;Christian;1er adjoint au Maire;Homme
49329;Savennières;OURLIN;Nathalie;;Femme
49329;Savennières;PETIT;Frédéric;;Homme
49329;Savennières;POIRIER;Romain;;Homme
49329;Savennières;RENAUD;Jean-Luc;;Homme
49329;Savennières;VIDAL-BEAUDET;Laure;;Femme
49377;Rives-Du-Loir-En-Anjou;BELY;Florence;;Femme
49377;Rives-Du-Loir-En-Anjou;BLIN;Geneviève;;Femme
49377;Rives-Du-Loir-En-Anjou;BLOIS;Christine;6ème adjoint au Maire;Femme
49377;Rives-Du-Loir-En-Anjou;BOURBON;Lydie;Maire délégué;Femme
49377;Rives-Du-Loir-En-Anjou;CHAUVIN;Nadege;;Femme
49377;Rives-Du-Loir-En-Anjou;DAUVILLON;Victor;;Homme
49377;Rives-Du-Loir-En-Anjou;DESGRÉ;Stéphane;;Homme
49377;Rives-Du-Loir-En-Anjou;DUBOIS;Bertrand;;Homme
49377;Rives-Du-Loir-En-Anjou;FAUVEAU;Agnan;;Homme
49377;Rives-Du-Loir-En-Anjou;FERRIER;Brigitte;;Femme
49377;Rives-Du-Loir-En-Anjou;FLEURY;Sophie;;Femme
49377;Rives-Du-Loir-En-Anjou;GAUTHIER;Josette;;Femme
49377;Rives-Du-Loir-En-Anjou;GIRARDEAU;Evelyne;;Femme
49377;Rives-Du-Loir-En-Anjou;GODIN;Éric;Maire;Homme
49377;Rives-Du-Loir-En-Anjou;GUICHARD;Hélèna;2ème adjoint au Maire;Femme
49377;Rives-Du-Loir-En-Anjou;JOPPE;Hervé;7ème adjoint au Maire;Homme
49377;Rives-Du-Loir-En-Anjou;JOUAN;Jackie;1er adjoint au Maire;Homme
49377;Rives-Du-Loir-En-Anjou;LE BRIS;Loïc;5ème adjoint au Maire;Homme
49377;Rives-Du-Loir-En-Anjou;LE BRIS-VOINOT;Carine;Maire délégué;Femme
49377;Rives-Du-Loir-En-Anjou;LEYS;Pol-Edouard;;Homme
49377;Rives-Du-Loir-En-Anjou;LHERITEAU;Lucette;4ème adjoint au Maire;Femme
49377;Rives-Du-Loir-En-Anjou;LOZAC'H;Sébastien;;Homme
49377;Rives-Du-Loir-En-Anjou;MAILLARD;Laurent;;Homme
49377;Rives-Du-Loir-En-Anjou;MARIÉ;Emmanuelle;;Femme
49377;Rives-Du-Loir-En-Anjou;MARQUIS;Franck;;Homme
49377;Rives-Du-Loir-En-Anjou;MARTIN;Bertrand;;Homme
49377;Rives-Du-Loir-En-Anjou;MORILLE;Anne;;Femme
49377;Rives-Du-Loir-En-Anjou;MORISSET;Thierry;3ème adjoint au Maire;Homme
49377;Rives-Du-Loir-En-Anjou;NOISETTE;Philippe;;Homme
49377;Rives-Du-Loir-En-Anjou;RABOUIN;Aurélie;;Femme
49377;Rives-Du-Loir-En-Anjou;RABOUIN;Jean Luc;;Homme
49377;Rives-Du-Loir-En-Anjou;TRASSARD;Denis;;Homme
49377;Rives-Du-Loir-En-Anjou;VERGER;Isabelle;8ème adjoint au Maire;Femme
