Session;Académie;Sexe;Statut du candidat;Voie;Série;Diplôme spécialité;Nombre d'inscrits;Nombre de présents;Nombre d'admis au 1er groupe;Nombre de refusés au 1er groupe;Nombre d'ajournés, passant les épreuves du 2nd groupe;Nombre d'admis à l'issue du 2nd groupe;Nombre de refusés à l'issue du 2nd groupe;Nombre d'admis totaux;Nombre d'admis avec mention TB avec les félicitations du jury;Nombre d'admis avec mention TB sans les félicitations du jury;Nombre d'admis avec mention B;Nombre d'admis avec mention AB;Nombre d'admis sans mention;Nombre de refusés totaux
2021;NANTES;FILLES;APPRENTISSAGE;BAC PROFESSIONNEL;BAC PRO PRODUCTION AGRI;BAC PRO AG 21001 AGRO-EQUIPEMENT;1.0;1.0;1.0;0.0;0.0;0.0;0.0;1.0;0.0;0.0;0.0;1.0;0.0;0.0
2021;NANTES;FILLES;APPRENTISSAGE;BAC PROFESSIONNEL;BAC PRO PRODUCTION MEN;BAC PRO 23004 TECHN. ETUDES BAT.A ETUDES & ECO.;3.0;3.0;3.0;0.0;0.0;0.0;0.0;3.0;0.0;0.0;0.0;2.0;1.0;0.0
2021;NANTES;FILLES;APPRENTISSAGE;BAC PROFESSIONNEL;BAC PRO PRODUCTION MEN;BAC PRO 25303 AERONAUTIQUE OPTION SYSTEMES;4.0;4.0;4.0;0.0;0.0;0.0;0.0;4.0;0.0;1.0;1.0;2.0;0.0;0.0
2021;NANTES;FILLES;APPRENTISSAGE;BAC PROFESSIONNEL;BAC PRO PRODUCTION MEN;BAC PRO 25304 AERONAUTIQUE OPTION STRUCTURE;2.0;2.0;2.0;0.0;0.0;0.0;0.0;2.0;0.0;0.0;1.0;1.0;0.0;0.0
2021;NANTES;FILLES;APPRENTISSAGE;BAC PROFESSIONNEL;BAC PRO PRODUCTION MEN;BAC PRO 25411 TECH.CHAUDRONNERIE INDUSTRIELLE;5.0;5.0;5.0;0.0;0.0;0.0;0.0;5.0;0.0;0.0;1.0;2.0;2.0;0.0
2021;NANTES;FILLES;APPRENTISSAGE;BAC PROFESSIONNEL;BAC PRO SERVICES AGRI;BAC PRO AG 33002 SERV PERS TERRIT;23.0;21.0;20.0;1.0;0.0;0.0;0.0;20.0;0.0;1.0;2.0;5.0;12.0;1.0
2021;NANTES;FILLES;APPRENTISSAGE;BAC PROFESSIONNEL;BAC PRO SERVICES MEN;BAC PRO 30001 GESTION-ADMINISTRATION;12.0;12.0;11.0;0.0;1.0;0.0;1.0;11.0;0.0;3.0;2.0;3.0;3.0;1.0
2021;NANTES;FILLES;APPRENTISSAGE;BAC PROFESSIONNEL;BAC PRO SERVICES MEN;BAC PRO 31106 LOGISTIQUE;2.0;2.0;0.0;0.0;2.0;1.0;1.0;1.0;0.0;0.0;0.0;0.0;1.0;1.0
2021;NANTES;FILLES;APPRENTISSAGE;BAC PROFESSIONNEL;BAC PRO SERVICES MEN;BAC PRO 32207 REAL.PR.IMPR.PLURI.OPTA.PR.GRAPH.;6.0;6.0;5.0;1.0;0.0;0.0;0.0;5.0;0.0;2.0;1.0;0.0;2.0;1.0
2021;NANTES;FILLES;APPRENTISSAGE;BAC PROFESSIONNEL;BAC PRO SERVICES MEN;BAC PRO 32208 REAL.PR.IMPR.PLURI.OPTB.PR.IMPR.;2.0;2.0;2.0;0.0;0.0;0.0;0.0;2.0;0.0;1.0;0.0;0.0;1.0;0.0
2021;NANTES;FILLES;ENSEIGNEMENT A DISTANCE;BAC GENERAL;GENERALE;BAC GENE 10019 BAC GENERAL;59.0;56.0;53.0;1.0;2.0;1.0;1.0;54.0;1.0;6.0;21.0;15.0;11.0;2.0
2021;NANTES;FILLES;ENSEIGNEMENT A DISTANCE;BAC PROFESSIONNEL;BAC PRO PRODUCTION AGRI;BAC PRO AG 21004 CGEA;8.0;8.0;8.0;0.0;0.0;0.0;0.0;8.0;0.0;0.0;0.0;1.0;7.0;0.0
2021;NANTES;FILLES;ENSEIGNEMENT A DISTANCE;BAC TECHNOLOGIQUE;ST2S;BAC ST2S SCIENCES & TECHNO. SANTE & SOCIAL;4.0;4.0;4.0;0.0;0.0;0.0;0.0;4.0;0.0;0.0;0.0;4.0;0.0;0.0
2021;NANTES;FILLES;FORMATION CONTINUE;BAC PROFESSIONNEL;BAC PRO PRODUCTION MEN;BAC PRO 22003 BIO-INDUSTRIES DE TRANSFORMATION;1.0;1.0;1.0;0.0;0.0;0.0;0.0;1.0;0.0;0.0;1.0;0.0;0.0;0.0
2021;NANTES;FILLES;INDIVIDUEL;BAC GENERAL;GENERALE;BAC GENE 10019 BAC GENERAL;114.0;93.0;60.0;24.0;9.0;4.0;5.0;64.0;0.0;4.0;5.0;20.0;35.0;29.0
2021;NANTES;FILLES;INDIVIDUEL;BAC PROFESSIONNEL;BAC PRO PRODUCTION AGRI;BAC PRO AG 22107 TEC CONS VTE ALIMENTATION P.ALIM;1.0;1.0;0.0;1.0;0.0;0.0;0.0;0.0;0.0;0.0;0.0;0.0;0.0;1.0
2021;NANTES;FILLES;INDIVIDUEL;BAC PROFESSIONNEL;BAC PRO PRODUCTION MEN;BAC PRO 24203 METIERS DE LA MODE - VÊTEMENT;1.0;1.0;0.0;1.0;0.0;0.0;0.0;0.0;0.0;0.0;0.0;0.0;0.0;1.0
2021;NANTES;FILLES;INDIVIDUEL;BAC PROFESSIONNEL;BAC PRO SERVICES MEN;BAC PRO 31202 COMMERCE;7.0;5.0;1.0;3.0;1.0;0.0;1.0;1.0;0.0;1.0;0.0;0.0;0.0;4.0
2021;NANTES;FILLES;INDIVIDUEL;BAC TECHNOLOGIQUE;ST2S;BAC ST2S SCIENCES & TECHNO. SANTE & SOCIAL;5.0;3.0;0.0;2.0;1.0;1.0;0.0;1.0;0.0;0.0;0.0;0.0;1.0;2.0
2021;NANTES;FILLES;SCOLAIRE;BAC PROFESSIONNEL;BAC PRO PRODUCTION AGRI;BAC PRO AG 21203 TECHN CONSEIL DE VENTE ANIMAL;84.0;84.0;76.0;8.0;0.0;0.0;0.0;76.0;0.0;1.0;9.0;21.0;45.0;8.0
2021;NANTES;FILLES;SCOLAIRE;BAC PROFESSIONNEL;BAC PRO PRODUCTION AGRI;BAC PRO AG 21302 GEST MILIEUX NATURELS FAUNE;14.0;14.0;14.0;0.0;0.0;0.0;0.0;14.0;0.0;0.0;3.0;7.0;4.0;0.0
2021;NANTES;FILLES;SCOLAIRE;BAC PROFESSIONNEL;BAC PRO PRODUCTION AGRI;BAC PRO AG 22105 LABORATOIRE CONTROLE QUALITE;16.0;16.0;16.0;0.0;0.0;0.0;0.0;16.0;0.0;1.0;1.0;7.0;7.0;0.0
2021;NANTES;FILLES;SCOLAIRE;BAC PROFESSIONNEL;BAC PRO PRODUCTION MEN;BACPRO 20002 ETUD.DEFINITION PRDTS INDUSTRIEL;2.0;2.0;2.0;0.0;0.0;0.0;0.0;2.0;0.0;0.0;0.0;1.0;1.0;0.0
2021;NANTES;FILLES;SCOLAIRE;BAC PROFESSIONNEL;BAC PRO PRODUCTION MEN;BAC PRO 22105 BOULANGER-PÂTISSIER;29.0;29.0;28.0;1.0;0.0;0.0;0.0;28.0;0.0;1.0;8.0;9.0;10.0;1.0
2021;NANTES;FILLES;SCOLAIRE;BAC PROFESSIONNEL;BAC PRO PRODUCTION MEN;BAC PRO 22503 PLASTIQUES ET COMPOSITES;3.0;3.0;3.0;0.0;0.0;0.0;0.0;3.0;0.0;1.0;0.0;0.0;2.0;0.0
2021;NANTES;FILLES;SCOLAIRE;BAC PROFESSIONNEL;BAC PRO PRODUCTION MEN;BAC PRO 23003 ARTIS. & M.ART:MARCHANDISAGE VIS.;25.0;25.0;23.0;2.0;0.0;0.0;0.0;23.0;0.0;1.0;10.0;11.0;1.0;2.0
2021;NANTES;FILLES;SCOLAIRE;BAC PROFESSIONNEL;BAC PRO PRODUCTION MEN;BAC PRO 23102 TRAVAUX PUBLICS;1.0;1.0;1.0;0.0;0.0;0.0;0.0;1.0;0.0;0.0;1.0;0.0;0.0;0.0
2021;NANTES;FILLES;SCOLAIRE;BAC PROFESSIONNEL;BAC PRO PRODUCTION MEN;BAC PRO 23304 AMENAGEMENT FINITION BATIMENT;18.0;18.0;14.0;1.0;3.0;1.0;2.0;15.0;0.0;0.0;3.0;8.0;4.0;3.0
2021;NANTES;FILLES;SCOLAIRE;BAC PROFESSIONNEL;BAC PRO PRODUCTION MEN;BAC PRO 25215 MAINT.VEHIC.OPTB VEHIC.TRANS.ROUT;1.0;1.0;1.0;0.0;0.0;0.0;0.0;1.0;0.0;0.0;0.0;0.0;1.0;0.0
2021;NANTES;FILLES;SCOLAIRE;BAC PROFESSIONNEL;BAC PRO PRODUCTION MEN;BAC PRO 25216 MAINT.VEHIC.OPTC MOTOCYCLES;1.0;1.0;0.0;1.0;0.0;0.0;0.0;0.0;0.0;0.0;0.0;0.0;0.0;1.0
2021;NANTES;FILLES;SCOLAIRE;BAC PROFESSIONNEL;BAC PRO PRODUCTION MEN;BAC PRO 25408 REPARATION DES CARROSSERIES;1.0;1.0;1.0;0.0;0.0;0.0;0.0;1.0;0.0;0.0;1.0;0.0;0.0;0.0
2021;NANTES;FILLES;SCOLAIRE;BAC PROFESSIONNEL;BAC PRO PRODUCTION MEN;BAC PRO 25411 TECH.CHAUDRONNERIE INDUSTRIELLE;2.0;2.0;2.0;0.0;0.0;0.0;0.0;2.0;0.0;0.0;1.0;1.0;0.0;0.0
2021;NANTES;FILLES;SCOLAIRE;BAC PROFESSIONNEL;BAC PRO PRODUCTION MEN;BAC PRO 25515 SYST.NUM.OPT.C RES.INF.SYST.COMM.;5.0;5.0;5.0;0.0;0.0;0.0;0.0;5.0;0.0;0.0;0.0;3.0;2.0;0.0
2021;NANTES;FILLES;SCOLAIRE;BAC PROFESSIONNEL;BAC PRO SERVICES MEN;BAC PRO 30001 GESTION-ADMINISTRATION;642.0;641.0;549.0;61.0;31.0;22.0;9.0;571.0;0.0;21.0;117.0;237.0;196.0;70.0
2021;NANTES;FILLES;SCOLAIRE;BAC PROFESSIONNEL;BAC PRO SERVICES MEN;BAC PRO 31106 LOGISTIQUE;6.0;6.0;5.0;0.0;1.0;1.0;0.0;6.0;0.0;0.0;1.0;2.0;3.0;0.0
2021;NANTES;FILLES;SCOLAIRE;BAC PROFESSIONNEL;BAC PRO SERVICES MEN;BAC PRO 31202 COMMERCE;655.0;655.0;577.0;43.0;35.0;16.0;19.0;593.0;0.0;41.0;138.0;248.0;166.0;62.0
2021;NANTES;FILLES;SCOLAIRE;BAC PROFESSIONNEL;BAC PRO SERVICES MEN;BAC PRO 31206 VENTE (PROSPECT.NEGO.SUIV.CLIENT;126.0;126.0;110.0;9.0;7.0;5.0;2.0;115.0;0.0;5.0;28.0;40.0;42.0;11.0
2021;NANTES;FILLES;SCOLAIRE;BAC PROFESSIONNEL;BAC PRO SERVICES MEN;BAC PRO 32304 PHOTOGRAPHIE;20.0;20.0;19.0;1.0;0.0;0.0;0.0;19.0;0.0;5.0;5.0;9.0;0.0;1.0
2021;NANTES;FILLES;SCOLAIRE;BAC PROFESSIONNEL;BAC PRO SERVICES MEN;BAC PRO 33101 OPTIQUE LUNETTERIE;21.0;21.0;21.0;0.0;0.0;0.0;0.0;21.0;0.0;0.0;10.0;9.0;2.0;0.0
2021;NANTES;FILLES;SCOLAIRE;BAC PROFESSIONNEL;BAC PRO SERVICES MEN;BAC PRO 33102 PROTHESE DENTAIRE;24.0;24.0;23.0;0.0;1.0;1.0;0.0;24.0;0.0;0.0;6.0;9.0;9.0;0.0
2021;NANTES;FILLES;SCOLAIRE;BAC PROFESSIONNEL;BAC PRO SERVICES MEN;BAC PRO 34403 METIERS DE LA SECURITE;49.0;49.0;49.0;0.0;0.0;0.0;0.0;49.0;0.0;4.0;16.0;24.0;5.0;0.0
2021;NANTES;FILLES;SCOLAIRE;BAC TECHNOLOGIQUE;ST2S;BAC ST2S SCIENCES & TECHNO. SANTE & SOCIAL;1132.0;1132.0;1077.0;9.0;46.0;22.0;24.0;1099.0;0.0;44.0;219.0;463.0;373.0;33.0
2021;NANTES;FILLES;SCOLAIRE;BAC TECHNOLOGIQUE;STMG;BAC STMG GESTION ET FINANCE;333.0;333.0;310.0;4.0;19.0;13.0;6.0;323.0;0.0;9.0;81.0;136.0;97.0;10.0
2021;NANTES;GARCONS;APPRENTISSAGE;BAC PROFESSIONNEL;BAC PRO PRODUCTION MEN;BAC PRO 20102 PILOTE DE LIGNE DE PRODUCTION;16.0;16.0;13.0;1.0;2.0;0.0;2.0;13.0;0.0;0.0;3.0;3.0;7.0;3.0
2021;NANTES;GARCONS;APPRENTISSAGE;BAC PROFESSIONNEL;BAC PRO PRODUCTION MEN;BAC PRO 22302 TRAITEMENTS DE SURFACE;6.0;6.0;6.0;0.0;0.0;0.0;0.0;6.0;0.0;0.0;1.0;2.0;3.0;0.0
2021;NANTES;GARCONS;APPRENTISSAGE;BAC PROFESSIONNEL;BAC PRO PRODUCTION MEN;BAC PRO 23203 TECHNICIEN BAT. : ORG.REAL.GROS O;42.0;42.0;39.0;1.0;2.0;1.0;1.0;40.0;0.0;2.0;7.0;13.0;18.0;2.0
2021;NANTES;GARCONS;APPRENTISSAGE;BAC PROFESSIONNEL;BAC PRO PRODUCTION MEN;BAC PRO 23205 INTERV. SUR PATRIMOINE BATI OPT.A;1.0;1.0;1.0;0.0;0.0;0.0;0.0;1.0;0.0;0.0;0.0;1.0;0.0;0.0
2021;NANTES;GARCONS;APPRENTISSAGE;BAC PROFESSIONNEL;BAC PRO PRODUCTION MEN;BAC PRO 23404 TECHNICIEN CONSTRUCTEUR BOIS;8.0;8.0;8.0;0.0;0.0;0.0;0.0;8.0;0.0;0.0;1.0;4.0;3.0;0.0
2021;NANTES;GARCONS;APPRENTISSAGE;BAC PROFESSIONNEL;BAC PRO PRODUCTION MEN;BAC PRO 25106 TECHNICIEN D'USINAGE;75.0;75.0;59.0;13.0;3.0;3.0;0.0;62.0;0.0;1.0;19.0;24.0;18.0;13.0
2021;NANTES;GARCONS;APPRENTISSAGE;BAC PROFESSIONNEL;BAC PRO PRODUCTION MEN;BAC PRO 25220 MAINT.MATERIELS OPT.B TP MANUT.;23.0;23.0;19.0;4.0;0.0;0.0;0.0;19.0;0.0;3.0;3.0;8.0;5.0;4.0
2021;NANTES;GARCONS;APPRENTISSAGE;BAC PROFESSIONNEL;BAC PRO SERVICES MEN;BAC PRO 31202 COMMERCE;188.0;184.0;146.0;22.0;16.0;11.0;5.0;157.0;0.0;10.0;25.0;58.0;64.0;27.0
2021;NANTES;GARCONS;APPRENTISSAGE;BAC PROFESSIONNEL;BAC PRO SERVICES MEN;BAC PRO 32206 FACONNAGE PRODTS IMPRIMES ROUTAGE;2.0;2.0;1.0;1.0;0.0;0.0;0.0;1.0;0.0;1.0;0.0;0.0;0.0;1.0
2021;NANTES;GARCONS;FORMATION CONTINUE;BAC PROFESSIONNEL;BAC PRO PRODUCTION AGRI;BAC PRO AG 21114 CONDUITE PRODUCTIONS HORTICOLES;1.0;0.0;0.0;0.0;0.0;0.0;0.0;0.0;0.0;0.0;0.0;0.0;0.0;0.0
2021;NANTES;GARCONS;FORMATION CONTINUE;BAC PROFESSIONNEL;BAC PRO PRODUCTION MEN;BAC PRO 25007 MAINTENANCE EQUIPEMENTS INDUST.;14.0;13.0;10.0;3.0;0.0;0.0;0.0;10.0;0.0;5.0;1.0;2.0;2.0;3.0
2021;NANTES;GARCONS;FORMATION CONTINUE;BAC PROFESSIONNEL;BAC PRO PRODUCTION MEN;BAC PRO 25411 TECH.CHAUDRONNERIE INDUSTRIELLE;1.0;1.0;1.0;0.0;0.0;0.0;0.0;1.0;0.0;0.0;0.0;1.0;0.0;0.0
2021;NANTES;GARCONS;FORMATION CONTINUE;BAC PROFESSIONNEL;BAC PRO PRODUCTION MEN;BAC PRO 25509 TECHNIC. FROID CONDITIONNEMT AIR;1.0;1.0;1.0;0.0;0.0;0.0;0.0;1.0;0.0;0.0;1.0;0.0;0.0;0.0
2021;NANTES;GARCONS;FORMATION CONTINUE;BAC PROFESSIONNEL;BAC PRO SERVICES MEN;BAC PRO 31106 LOGISTIQUE;16.0;16.0;15.0;1.0;0.0;0.0;0.0;15.0;0.0;2.0;0.0;4.0;9.0;1.0
2021;NANTES;GARCONS;INDIVIDUEL;BAC PROFESSIONNEL;BAC PRO PRODUCTION MEN;BAC PRO 23004 TECHN. ETUDES BAT.A ETUDES & ECO.;1.0;0.0;0.0;0.0;0.0;0.0;0.0;0.0;0.0;0.0;0.0;0.0;0.0;0.0
2021;NANTES;GARCONS;INDIVIDUEL;BAC PROFESSIONNEL;BAC PRO PRODUCTION MEN;BAC PRO 25514 SYST.NUM.OPT.B AUD.RES.EQUIP.DOM.;2.0;2.0;1.0;1.0;0.0;0.0;0.0;1.0;0.0;0.0;0.0;0.0;1.0;1.0
2021;NANTES;GARCONS;INDIVIDUEL;BAC PROFESSIONNEL;BAC PRO SERVICES MEN;BAC PRO 30001 GESTION-ADMINISTRATION;5.0;4.0;1.0;2.0;1.0;1.0;0.0;2.0;0.0;0.0;0.0;0.0;2.0;2.0
2021;NANTES;GARCONS;INDIVIDUEL;BAC PROFESSIONNEL;BAC PRO SERVICES MEN;BAC PRO 31206 VENTE (PROSPECT.NEGO.SUIV.CLIENT;3.0;3.0;1.0;1.0;1.0;1.0;0.0;2.0;0.0;0.0;0.0;0.0;2.0;1.0
2021;NANTES;GARCONS;INDIVIDUEL;BAC TECHNOLOGIQUE;STMG;BAC STMG GESTION ET FINANCE;9.0;6.0;3.0;1.0;2.0;2.0;0.0;5.0;0.0;0.0;1.0;2.0;2.0;1.0
2021;NANTES;GARCONS;SCOLAIRE;BAC PROFESSIONNEL;BAC PRO PRODUCTION AGRI;BAC PRO AG 21211 COND GEST ENTR HIPPIQUE;10.0;10.0;10.0;0.0;0.0;0.0;0.0;10.0;0.0;0.0;0.0;1.0;9.0;0.0
2021;NANTES;GARCONS;SCOLAIRE;BAC PROFESSIONNEL;BAC PRO PRODUCTION MEN;BAC PRO 20102 PILOTE DE LIGNE DE PRODUCTION;32.0;32.0;26.0;4.0;2.0;1.0;1.0;27.0;0.0;2.0;2.0;12.0;11.0;5.0
2021;NANTES;GARCONS;SCOLAIRE;BAC PROFESSIONNEL;BAC PRO PRODUCTION MEN;BAC PRO 22403 ARTS.& MET.ART:MET.ENSEIGN SIGNA;6.0;6.0;6.0;0.0;0.0;0.0;0.0;6.0;0.0;0.0;0.0;3.0;3.0;0.0
2021;NANTES;GARCONS;SCOLAIRE;BAC PROFESSIONNEL;BAC PRO PRODUCTION MEN;BAC PRO 23003 ARTIS. & M.ART:MARCHANDISAGE VIS.;6.0;6.0;6.0;0.0;0.0;0.0;0.0;6.0;0.0;0.0;1.0;3.0;2.0;0.0
2021;NANTES;GARCONS;SCOLAIRE;BAC PROFESSIONNEL;BAC PRO PRODUCTION MEN;BAC PRO 23004 TECHN. ETUDES BAT.A ETUDES & ECO.;79.0;79.0;55.0;15.0;9.0;8.0;1.0;63.0;0.0;2.0;9.0;16.0;36.0;16.0
2021;NANTES;GARCONS;SCOLAIRE;BAC PROFESSIONNEL;BAC PRO PRODUCTION MEN;BAC PRO 23407 TECHNIC.FAB.BOIS ET MATERX ASSOC;26.0;26.0;18.0;5.0;3.0;2.0;1.0;20.0;0.0;1.0;4.0;7.0;8.0;6.0
2021;NANTES;GARCONS;SCOLAIRE;BAC PROFESSIONNEL;BAC PRO PRODUCTION MEN;BAC PRO 23408 AGENCEMENT ESPACE ARCHITECTURAL;3.0;3.0;2.0;1.0;0.0;0.0;0.0;2.0;0.0;0.0;0.0;1.0;1.0;1.0
2021;NANTES;GARCONS;SCOLAIRE;BAC PROFESSIONNEL;BAC PRO PRODUCTION MEN;BAC PRO 24302 METIERS DU CUIR : MAROQUINERIE;1.0;1.0;1.0;0.0;0.0;0.0;0.0;1.0;0.0;0.0;0.0;1.0;0.0;0.0
2021;NANTES;GARCONS;SCOLAIRE;BAC PROFESSIONNEL;BAC PRO PRODUCTION MEN;BAC PRO 25006 MICROTECHNIQUES;26.0;26.0;22.0;2.0;2.0;1.0;1.0;23.0;0.0;1.0;3.0;7.0;12.0;3.0
2021;NANTES;GARCONS;SCOLAIRE;BAC PROFESSIONNEL;BAC PRO PRODUCTION MEN;BAC PRO 25009 MAINTENANCE NAUTIQUE;19.0;19.0;15.0;4.0;0.0;0.0;0.0;15.0;0.0;1.0;5.0;6.0;3.0;4.0
2021;NANTES;GARCONS;SCOLAIRE;BAC PROFESSIONNEL;BAC PRO PRODUCTION MEN;BAC PRO 25214 MAINT.VEHIC.OPTA VOIT.PARTICUL.;228.0;228.0;193.0;32.0;3.0;2.0;1.0;195.0;0.0;16.0;51.0;71.0;57.0;33.0
2021;NANTES;GARCONS;SCOLAIRE;BAC PROFESSIONNEL;BAC PRO PRODUCTION MEN;BAC PRO 25515 SYST.NUM.OPT.C RES.INF.SYST.COMM.;194.0;194.0;184.0;8.0;2.0;0.0;2.0;184.0;0.0;13.0;44.0;68.0;59.0;10.0
2021;NANTES;GARCONS;SCOLAIRE;BAC PROFESSIONNEL;BAC PRO SERVICES AGRI;BAC PRO AG 33002 SERV PERS TERRIT;125.0;124.0;120.0;4.0;0.0;0.0;0.0;120.0;0.0;1.0;14.0;42.0;63.0;4.0
2021;NANTES;GARCONS;SCOLAIRE;BAC PROFESSIONNEL;BAC PRO SERVICES MEN;BAC PRO 30001 GESTION-ADMINISTRATION;254.0;254.0;203.0;38.0;13.0;10.0;3.0;213.0;0.0;4.0;28.0;74.0;107.0;41.0
2021;NANTES;GARCONS;SCOLAIRE;BAC PROFESSIONNEL;BAC PRO SERVICES MEN;BAC PRO 31108 TRANSPORT;65.0;65.0;44.0;14.0;7.0;5.0;2.0;49.0;0.0;0.0;5.0;20.0;24.0;16.0
2021;NANTES;GARCONS;SCOLAIRE;BAC PROFESSIONNEL;BAC PRO SERVICES MEN;BAC PRO 32208 REAL.PR.IMPR.PLURI.OPTB.PR.IMPR.;11.0;11.0;8.0;3.0;0.0;0.0;0.0;8.0;0.0;0.0;1.0;2.0;5.0;3.0
2021;NANTES;GARCONS;SCOLAIRE;BAC PROFESSIONNEL;BAC PRO SERVICES MEN;BAC PRO 33102 PROTHESE DENTAIRE;12.0;12.0;7.0;4.0;1.0;1.0;0.0;8.0;0.0;0.0;1.0;4.0;3.0;4.0
2021;NANTES;GARCONS;SCOLAIRE;BAC PROFESSIONNEL;BAC PRO SERVICES MEN;BAC PRO 34304 HYGIENE PROPRETE STERILISATION;2.0;2.0;1.0;1.0;0.0;0.0;0.0;1.0;0.0;0.0;1.0;0.0;0.0;1.0
2021;NANTES;GARCONS;SCOLAIRE;BAC TECHNOLOGIQUE;S2TMD;BAC S2TMD MUSIQUE;12.0;12.0;12.0;0.0;0.0;0.0;0.0;12.0;0.0;2.0;2.0;7.0;1.0;0.0
2021;NANTES;GARCONS;SCOLAIRE;BAC TECHNOLOGIQUE;ST2S;BAC ST2S SCIENCES & TECHNO. SANTE & SOCIAL;177.0;177.0;155.0;4.0;18.0;14.0;4.0;169.0;0.0;2.0;15.0;49.0;103.0;8.0
2021;NANTES;GARCONS;SCOLAIRE;BAC TECHNOLOGIQUE;STI2D;BAC STI2D ENERGIES  ET ENVIRONNEMENT;237.0;237.0;214.0;7.0;16.0;11.0;5.0;225.0;0.0;6.0;45.0;84.0;90.0;12.0
2021;NANTES;GARCONS;SCOLAIRE;BAC TECHNOLOGIQUE;STI2D;BAC STI2D INNOVATION TECHNO.  ET ECO CONCEPTION;478.0;478.0;448.0;2.0;28.0;16.0;12.0;464.0;0.0;12.0;101.0;195.0;156.0;14.0
2021;NANTES;GARCONS;SCOLAIRE;BAC TECHNOLOGIQUE;STI2D;BAC STI2D SYSTÈME D'INFORMATION  ET NUMERIQUE;459.0;459.0;428.0;3.0;28.0;15.0;13.0;443.0;2.0;13.0;66.0;205.0;157.0;16.0
2021;NANTES;FILLES;APPRENTISSAGE;BAC PROFESSIONNEL;BAC PRO PRODUCTION MEN;BAC PRO 24302 METIERS DU CUIR : MAROQUINERIE;3.0;3.0;3.0;0.0;0.0;0.0;0.0;3.0;0.0;1.0;2.0;0.0;0.0;0.0
2021;NANTES;FILLES;APPRENTISSAGE;BAC PROFESSIONNEL;BAC PRO PRODUCTION MEN;BAC PRO 25302 AERONAUTIQUE OPTION AVIONIQUE;3.0;3.0;3.0;0.0;0.0;0.0;0.0;3.0;0.0;0.0;2.0;1.0;0.0;0.0
2021;NANTES;FILLES;APPRENTISSAGE;BAC PROFESSIONNEL;BAC PRO PRODUCTION MEN;BAC PRO 25510 METIERS ELECT. ENVIRON. CONNECTES;2.0;2.0;2.0;0.0;0.0;0.0;0.0;2.0;0.0;1.0;0.0;0.0;1.0;0.0
2021;NANTES;FILLES;APPRENTISSAGE;BAC PROFESSIONNEL;BAC PRO SERVICES MEN;BAC PRO 31210 ACCUEIL -RELATION CLIENTS USAGERS;13.0;13.0;13.0;0.0;0.0;0.0;0.0;13.0;0.0;2.0;3.0;4.0;4.0;0.0
2021;NANTES;FILLES;APPRENTISSAGE;BAC PROFESSIONNEL;BAC PRO SERVICES MEN;BAC PRO 33003 ACC.SOINS-S.PERS. OPT.A DOMICILE;4.0;4.0;3.0;0.0;1.0;0.0;1.0;3.0;0.0;0.0;1.0;0.0;2.0;1.0
2021;NANTES;FILLES;FORMATION CONTINUE;BAC PROFESSIONNEL;BAC PRO PRODUCTION MEN;BAC PRO 23004 TECHN. ETUDES BAT.A ETUDES & ECO.;6.0;6.0;4.0;0.0;2.0;1.0;1.0;5.0;0.0;0.0;3.0;1.0;1.0;1.0
2021;NANTES;FILLES;FORMATION CONTINUE;BAC PROFESSIONNEL;BAC PRO SERVICES MEN;BAC PRO 31106 LOGISTIQUE;6.0;6.0;6.0;0.0;0.0;0.0;0.0;6.0;0.0;1.0;1.0;2.0;2.0;0.0
2021;NANTES;FILLES;INDIVIDUEL;BAC PROFESSIONNEL;BAC PRO PRODUCTION AGRI;BAC PRO AG 21203 TECHN CONSEIL DE VENTE ANIMAL;2.0;1.0;0.0;1.0;0.0;0.0;0.0;0.0;0.0;0.0;0.0;0.0;0.0;1.0
2021;NANTES;FILLES;INDIVIDUEL;BAC PROFESSIONNEL;BAC PRO PRODUCTION AGRI;BAC PRO AG 21211 COND GEST ENTR HIPPIQUE;10.0;10.0;6.0;4.0;0.0;0.0;0.0;6.0;0.0;0.0;0.0;1.0;5.0;4.0
2021;NANTES;FILLES;INDIVIDUEL;BAC PROFESSIONNEL;BAC PRO PRODUCTION MEN;BAC PRO 24302 METIERS DU CUIR : MAROQUINERIE;1.0;1.0;1.0;0.0;0.0;0.0;0.0;1.0;0.0;0.0;1.0;0.0;0.0;0.0
2021;NANTES;FILLES;INDIVIDUEL;BAC TECHNOLOGIQUE;STMG;BAC STMG RESSOURCES HUMAINES ET COMMUNICATION;16.0;13.0;5.0;3.0;5.0;4.0;1.0;9.0;0.0;0.0;0.0;0.0;9.0;4.0
2021;NANTES;FILLES;SCOLAIRE;BAC PROFESSIONNEL;BAC PRO PRODUCTION AGRI;BAC PRO AG 22107 TEC CONS VTE ALIMENTATION P.ALIM;87.0;85.0;72.0;13.0;0.0;0.0;0.0;72.0;0.0;1.0;10.0;24.0;37.0;13.0
2021;NANTES;FILLES;SCOLAIRE;BAC PROFESSIONNEL;BAC PRO PRODUCTION MEN;BAC PRO 23004 TECHN. ETUDES BAT.A ETUDES & ECO.;21.0;21.0;18.0;2.0;1.0;1.0;0.0;19.0;0.0;0.0;2.0;8.0;9.0;2.0
2021;NANTES;FILLES;SCOLAIRE;BAC PROFESSIONNEL;BAC PRO PRODUCTION MEN;BAC PRO 24302 METIERS DU CUIR : MAROQUINERIE;10.0;10.0;10.0;0.0;0.0;0.0;0.0;10.0;0.0;1.0;2.0;5.0;2.0;0.0
2021;NANTES;FILLES;SCOLAIRE;BAC PROFESSIONNEL;BAC PRO PRODUCTION MEN;BAC PRO 25006 MICROTECHNIQUES;1.0;1.0;1.0;0.0;0.0;0.0;0.0;1.0;0.0;0.0;0.0;0.0;1.0;0.0
2021;NANTES;FILLES;SCOLAIRE;BAC PROFESSIONNEL;BAC PRO PRODUCTION MEN;BAC PRO 25513 SYST.NUM.OPT.A SURETE SECURITE;3.0;3.0;2.0;1.0;0.0;0.0;0.0;2.0;0.0;0.0;0.0;1.0;1.0;1.0
2021;NANTES;FILLES;SCOLAIRE;BAC PROFESSIONNEL;BAC PRO SERVICES MEN;BAC PRO 32207 REAL.PR.IMPR.PLURI.OPTA.PR.GRAPH.;6.0;6.0;6.0;0.0;0.0;0.0;0.0;6.0;0.0;1.0;1.0;4.0;0.0;0.0
2021;NANTES;FILLES;SCOLAIRE;BAC PROFESSIONNEL;BAC PRO SERVICES MEN;BAC PRO 33002 SERVICES DE PROXIMITE  VIE LOCAL;68.0;68.0;63.0;2.0;3.0;2.0;1.0;65.0;0.0;3.0;17.0;29.0;16.0;3.0
2021;NANTES;FILLES;SCOLAIRE;BAC PROFESSIONNEL;BAC PRO SERVICES MEN;BAC PRO 33004 ACC.SOINS-S.PERS. OPT.EN STRUCTUR;785.0;785.0;751.0;14.0;20.0;9.0;11.0;760.0;0.0;38.0;209.0;333.0;180.0;25.0
2021;NANTES;FILLES;SCOLAIRE;BAC PROFESSIONNEL;BAC PRO SERVICES MEN;BAC PRO 33103 TECHNICIEN APPAREIL. ORTHOPEDIQUE;6.0;6.0;6.0;0.0;0.0;0.0;0.0;6.0;0.0;0.0;3.0;3.0;0.0;0.0
2021;NANTES;FILLES;SCOLAIRE;BAC TECHNOLOGIQUE;S2TMD;BAC S2TMD MUSIQUE;7.0;7.0;7.0;0.0;0.0;0.0;0.0;7.0;0.0;2.0;0.0;3.0;2.0;0.0
2021;NANTES;FILLES;SCOLAIRE;BAC TECHNOLOGIQUE;STHR;BAC STHR SC.&TEC. HOTELLERIE-RESTAURATION;94.0;94.0;92.0;0.0;2.0;1.0;1.0;93.0;0.0;6.0;23.0;36.0;28.0;1.0
2021;NANTES;FILLES;SCOLAIRE;BAC TECHNOLOGIQUE;STI2D;BAC STI2D ENERGIES  ET ENVIRONNEMENT;15.0;15.0;14.0;0.0;1.0;0.0;1.0;14.0;0.0;3.0;3.0;4.0;4.0;1.0
2021;NANTES;FILLES;SCOLAIRE;BAC TECHNOLOGIQUE;STL;BAC STL BIOCHIM.-BIOLOGIE-BIOTECHNOL.;104.0;104.0;95.0;0.0;9.0;3.0;6.0;98.0;0.0;9.0;16.0;40.0;33.0;6.0
2021;NANTES;FILLES;SCOLAIRE;BAC TECHNOLOGIQUE;STMG;BAC STMG SYSTEMES D'INFORMATION DE GESTION;4.0;4.0;4.0;0.0;0.0;0.0;0.0;4.0;0.0;0.0;1.0;1.0;2.0;0.0
2021;NANTES;GARCONS;APPRENTISSAGE;BAC PROFESSIONNEL;BAC PRO PRODUCTION AGRI;BAC PRO AG 21004 CGEA;103.0;101.0;91.0;10.0;0.0;0.0;0.0;91.0;0.0;1.0;10.0;25.0;55.0;10.0
2021;NANTES;GARCONS;APPRENTISSAGE;BAC PROFESSIONNEL;BAC PRO PRODUCTION AGRI;BAC PRO AG 21204 PROD-AQUACOLES;1.0;1.0;1.0;0.0;0.0;0.0;0.0;1.0;0.0;0.0;0.0;0.0;1.0;0.0
2021;NANTES;GARCONS;APPRENTISSAGE;BAC PROFESSIONNEL;BAC PRO PRODUCTION MEN;BAC PRO 22106 CUISINE;37.0;35.0;32.0;1.0;2.0;0.0;2.0;32.0;0.0;4.0;8.0;9.0;11.0;3.0
2021;NANTES;GARCONS;APPRENTISSAGE;BAC PROFESSIONNEL;BAC PRO PRODUCTION MEN;BAC PRO 22503 PLASTIQUES ET COMPOSITES;5.0;5.0;5.0;0.0;0.0;0.0;0.0;5.0;0.0;0.0;1.0;2.0;2.0;0.0
2021;NANTES;GARCONS;APPRENTISSAGE;BAC PROFESSIONNEL;BAC PRO PRODUCTION MEN;BAC PRO 23102 TRAVAUX PUBLICS;70.0;70.0;65.0;4.0;1.0;1.0;0.0;66.0;0.0;6.0;9.0;32.0;19.0;4.0
2021;NANTES;GARCONS;APPRENTISSAGE;BAC PROFESSIONNEL;BAC PRO PRODUCTION MEN;BAC PRO 25302 AERONAUTIQUE OPTION AVIONIQUE;10.0;10.0;10.0;0.0;0.0;0.0;0.0;10.0;0.0;1.0;5.0;4.0;0.0;0.0
2021;NANTES;GARCONS;APPRENTISSAGE;BAC PROFESSIONNEL;BAC PRO PRODUCTION MEN;BAC PRO 25304 AERONAUTIQUE OPTION STRUCTURE;23.0;23.0;23.0;0.0;0.0;0.0;0.0;23.0;0.0;1.0;2.0;15.0;5.0;0.0
2021;NANTES;GARCONS;APPRENTISSAGE;BAC PROFESSIONNEL;BAC PRO PRODUCTION MEN;BAC PRO 25514 SYST.NUM.OPT.B AUD.RES.EQUIP.DOM.;1.0;1.0;1.0;0.0;0.0;0.0;0.0;1.0;0.0;0.0;1.0;0.0;0.0;0.0
2021;NANTES;GARCONS;APPRENTISSAGE;BAC PROFESSIONNEL;BAC PRO SERVICES AGRI;BAC PRO AG 33002 SERV PERS TERRIT;1.0;1.0;1.0;0.0;0.0;0.0;0.0;1.0;0.0;0.0;0.0;0.0;1.0;0.0
2021;NANTES;GARCONS;APPRENTISSAGE;BAC PROFESSIONNEL;BAC PRO SERVICES MEN;BAC PRO 32207 REAL.PR.IMPR.PLURI.OPTA.PR.GRAPH.;7.0;5.0;3.0;2.0;0.0;0.0;0.0;3.0;0.0;0.0;1.0;2.0;0.0;2.0
2021;NANTES;GARCONS;APPRENTISSAGE;BAC PROFESSIONNEL;BAC PRO SERVICES MEN;BAC PRO 33004 ACC.SOINS-S.PERS. OPT.EN STRUCTUR;1.0;1.0;1.0;0.0;0.0;0.0;0.0;1.0;0.0;0.0;0.0;1.0;0.0;0.0
2021;NANTES;GARCONS;ENSEIGNEMENT A DISTANCE;BAC TECHNOLOGIQUE;STMG;BAC STMG MERCATIQUE (MARKETING);5.0;5.0;4.0;1.0;0.0;0.0;0.0;4.0;0.0;0.0;1.0;3.0;0.0;1.0
2021;NANTES;GARCONS;FORMATION CONTINUE;BAC PROFESSIONNEL;BAC PRO PRODUCTION AGRI;BAC PRO AG 21113 CGEVV;9.0;9.0;9.0;0.0;0.0;0.0;0.0;9.0;0.0;0.0;0.0;1.0;8.0;0.0
2021;NANTES;GARCONS;FORMATION CONTINUE;BAC PROFESSIONNEL;BAC PRO PRODUCTION MEN;BAC PRO 25510 METIERS ELECT. ENVIRON. CONNECTES;22.0;22.0;20.0;1.0;1.0;1.0;0.0;21.0;0.0;9.0;6.0;2.0;4.0;1.0
2021;NANTES;GARCONS;FORMATION CONTINUE;BAC PROFESSIONNEL;BAC PRO PRODUCTION MEN;BAC PRO 25515 SYST.NUM.OPT.C RES.INF.SYST.COMM.;9.0;9.0;9.0;0.0;0.0;0.0;0.0;9.0;0.0;1.0;4.0;2.0;2.0;0.0
2021;NANTES;GARCONS;INDIVIDUEL;BAC PROFESSIONNEL;BAC PRO PRODUCTION AGRI;BAC PRO AG 21113 CGEVV;3.0;3.0;3.0;0.0;0.0;0.0;0.0;3.0;0.0;0.0;0.0;0.0;3.0;0.0
2021;NANTES;GARCONS;INDIVIDUEL;BAC PROFESSIONNEL;BAC PRO PRODUCTION AGRI;BAC PRO AG 21211 COND GEST ENTR HIPPIQUE;1.0;1.0;0.0;1.0;0.0;0.0;0.0;0.0;0.0;0.0;0.0;0.0;0.0;1.0
2021;NANTES;GARCONS;INDIVIDUEL;BAC PROFESSIONNEL;BAC PRO PRODUCTION MEN;BAC PRO 22703 TECHN.INSTALL.SYST.ENERG.CLIMATI;1.0;1.0;1.0;0.0;0.0;0.0;0.0;1.0;0.0;0.0;0.0;0.0;1.0;0.0
2021;NANTES;GARCONS;INDIVIDUEL;BAC PROFESSIONNEL;BAC PRO PRODUCTION MEN;BAC PRO 25509 TECHNIC. FROID CONDITIONNEMT AIR;1.0;1.0;0.0;1.0;0.0;0.0;0.0;0.0;0.0;0.0;0.0;0.0;0.0;1.0
2021;NANTES;GARCONS;INDIVIDUEL;BAC PROFESSIONNEL;BAC PRO SERVICES MEN;BAC PRO 32303 ART.& MET.ART:COM.VIS.VIS.PLURI-M;1.0;0.0;0.0;0.0;0.0;0.0;0.0;0.0;0.0;0.0;0.0;0.0;0.0;0.0
2021;NANTES;GARCONS;INDIVIDUEL;BAC PROFESSIONNEL;BAC PRO SERVICES MEN;BAC PRO 34304 HYGIENE PROPRETE STERILISATION;1.0;1.0;0.0;0.0;1.0;0.0;1.0;0.0;0.0;0.0;0.0;0.0;0.0;1.0
2021;NANTES;GARCONS;INDIVIDUEL;BAC TECHNOLOGIQUE;ST2S;BAC ST2S SCIENCES & TECHNO. SANTE & SOCIAL;3.0;2.0;0.0;1.0;1.0;1.0;0.0;1.0;0.0;0.0;0.0;0.0;1.0;1.0
2021;NANTES;GARCONS;INDIVIDUEL;BAC TECHNOLOGIQUE;STHR;BAC STHR SC.&TEC. HOTELLERIE-RESTAURATION;1.0;1.0;0.0;1.0;0.0;0.0;0.0;0.0;0.0;0.0;0.0;0.0;0.0;1.0
2021;NANTES;GARCONS;INDIVIDUEL;BAC TECHNOLOGIQUE;STI2D;BAC STI2D SYSTÈME D'INFORMATION  ET NUMERIQUE;4.0;4.0;2.0;1.0;1.0;1.0;0.0;3.0;0.0;0.0;0.0;0.0;3.0;1.0
2021;NANTES;GARCONS;SCOLAIRE;BAC PROFESSIONNEL;BAC PRO PRODUCTION AGRI;BAC PRO AG 21001 AGRO-EQUIPEMENT;109.0;109.0;102.0;7.0;0.0;0.0;0.0;102.0;0.0;2.0;13.0;33.0;54.0;7.0
2021;NANTES;GARCONS;SCOLAIRE;BAC PROFESSIONNEL;BAC PRO PRODUCTION AGRI;BAC PRO AG 21113 CGEVV;10.0;9.0;7.0;2.0;0.0;0.0;0.0;7.0;0.0;0.0;1.0;6.0;0.0;2.0
2021;NANTES;GARCONS;SCOLAIRE;BAC PROFESSIONNEL;BAC PRO PRODUCTION AGRI;BAC PRO AG 21114 CONDUITE PRODUCTIONS HORTICOLES;26.0;24.0;24.0;0.0;0.0;0.0;0.0;24.0;0.0;0.0;5.0;13.0;6.0;0.0
2021;NANTES;GARCONS;SCOLAIRE;BAC PROFESSIONNEL;BAC PRO PRODUCTION AGRI;BAC PRO AG 21405 AMENAGEMENTS PAYSAGERS;180.0;178.0;172.0;6.0;0.0;0.0;0.0;172.0;0.0;3.0;52.0;73.0;44.0;6.0
2021;NANTES;GARCONS;SCOLAIRE;BAC PROFESSIONNEL;BAC PRO PRODUCTION AGRI;BAC PRO AG 21406 TEC CONS VTE PROD DES JARDINS;3.0;3.0;3.0;0.0;0.0;0.0;0.0;3.0;0.0;0.0;0.0;0.0;3.0;0.0
2021;NANTES;GARCONS;SCOLAIRE;BAC PROFESSIONNEL;BAC PRO PRODUCTION AGRI;BAC PRO AG 22105 LABORATOIRE CONTROLE QUALITE;13.0;13.0;13.0;0.0;0.0;0.0;0.0;13.0;0.0;0.0;0.0;8.0;5.0;0.0
2021;NANTES;GARCONS;SCOLAIRE;BAC PROFESSIONNEL;BAC PRO PRODUCTION AGRI;BAC PRO AG 22107 TEC CONS VTE ALIMENTATION P.ALIM;104.0;100.0;85.0;15.0;0.0;0.0;0.0;85.0;0.0;2.0;5.0;33.0;45.0;15.0
2021;NANTES;GARCONS;SCOLAIRE;BAC PROFESSIONNEL;BAC PRO PRODUCTION MEN;BAC PRO 22105 BOULANGER-PÂTISSIER;42.0;42.0;35.0;0.0;7.0;4.0;3.0;39.0;0.0;0.0;6.0;17.0;16.0;3.0
2021;NANTES;GARCONS;SCOLAIRE;BAC PROFESSIONNEL;BAC PRO PRODUCTION MEN;BAC PRO 22106 CUISINE;183.0;183.0;164.0;9.0;10.0;3.0;7.0;167.0;0.0;7.0;34.0;71.0;55.0;16.0
2021;NANTES;GARCONS;SCOLAIRE;BAC PROFESSIONNEL;BAC PRO PRODUCTION MEN;BAC PRO 22503 PLASTIQUES ET COMPOSITES;30.0;30.0;28.0;0.0;2.0;0.0;2.0;28.0;0.0;1.0;4.0;7.0;16.0;2.0
2021;NANTES;GARCONS;SCOLAIRE;BAC PROFESSIONNEL;BAC PRO PRODUCTION MEN;BAC PRO 23205 INTERV. SUR PATRIMOINE BATI OPT.A;3.0;3.0;2.0;1.0;0.0;0.0;0.0;2.0;0.0;0.0;0.0;2.0;0.0;1.0
2021;NANTES;GARCONS;SCOLAIRE;BAC PROFESSIONNEL;BAC PRO PRODUCTION MEN;BAC PRO 23304 AMENAGEMENT FINITION BATIMENT;32.0;32.0;23.0;4.0;5.0;1.0;4.0;24.0;0.0;0.0;2.0;5.0;17.0;8.0
2021;NANTES;GARCONS;SCOLAIRE;BAC PROFESSIONNEL;BAC PRO PRODUCTION MEN;BAC PRO 24202 ARTIS.& MET.ART : TAPIS.D'AMEUBL;1.0;1.0;0.0;1.0;0.0;0.0;0.0;0.0;0.0;0.0;0.0;0.0;0.0;1.0
2021;NANTES;GARCONS;SCOLAIRE;BAC PROFESSIONNEL;BAC PRO PRODUCTION MEN;BAC PRO 24203 METIERS DE LA MODE - VÊTEMENT;10.0;10.0;9.0;1.0;0.0;0.0;0.0;9.0;0.0;1.0;2.0;3.0;3.0;1.0
2021;NANTES;GARCONS;SCOLAIRE;BAC PROFESSIONNEL;BAC PRO PRODUCTION MEN;BAC PRO 25106 TECHNICIEN D'USINAGE;129.0;128.0;106.0;18.0;4.0;1.0;3.0;107.0;0.0;12.0;20.0;46.0;29.0;21.0
2021;NANTES;GARCONS;SCOLAIRE;BAC PROFESSIONNEL;BAC PRO PRODUCTION MEN;BAC PRO 25406 OUVRAGES DU BATIMENT METALLERIE;30.0;30.0;26.0;3.0;1.0;1.0;0.0;27.0;0.0;1.0;7.0;8.0;11.0;3.0
2021;NANTES;GARCONS;SCOLAIRE;BAC PROFESSIONNEL;BAC PRO PRODUCTION MEN;BAC PRO 25510 METIERS ELECT. ENVIRON. CONNECTES;437.0;435.0;371.0;50.0;14.0;8.0;6.0;379.0;0.0;20.0;103.0;135.0;121.0;56.0
2021;NANTES;GARCONS;SCOLAIRE;BAC PROFESSIONNEL;BAC PRO SERVICES MEN;BAC PRO 31107 CONDUCT. TRANSP.ROUT.MARCHANDISES;92.0;92.0;84.0;8.0;0.0;0.0;0.0;84.0;0.0;4.0;23.0;39.0;18.0;8.0
2021;NANTES;GARCONS;SCOLAIRE;BAC PROFESSIONNEL;BAC PRO SERVICES MEN;BAC PRO 32207 REAL.PR.IMPR.PLURI.OPTA.PR.GRAPH.;23.0;23.0;23.0;0.0;0.0;0.0;0.0;23.0;0.0;1.0;5.0;13.0;4.0;0.0
2021;NANTES;GARCONS;SCOLAIRE;BAC PROFESSIONNEL;BAC PRO SERVICES MEN;BAC PRO 33101 OPTIQUE LUNETTERIE;4.0;4.0;4.0;0.0;0.0;0.0;0.0;4.0;0.0;0.0;1.0;2.0;1.0;0.0
2021;NANTES;GARCONS;SCOLAIRE;BAC PROFESSIONNEL;BAC PRO SERVICES MEN;BAC PRO 33103 TECHNICIEN APPAREIL. ORTHOPEDIQUE;6.0;6.0;6.0;0.0;0.0;0.0;0.0;6.0;0.0;0.0;0.0;4.0;2.0;0.0
2021;NANTES;GARCONS;SCOLAIRE;BAC TECHNOLOGIQUE;S2TMD;BAC S2TMD DANSE;2.0;2.0;2.0;0.0;0.0;0.0;0.0;2.0;0.0;0.0;0.0;2.0;0.0;0.0
2021;NANTES;GARCONS;SCOLAIRE;BAC TECHNOLOGIQUE;STAV;BAC STAV AGRONOMIE ALIM ENV TERRITOI;192.0;192.0;190.0;2.0;0.0;0.0;0.0;190.0;0.0;4.0;28.0;87.0;71.0;2.0
2021;NANTES;GARCONS;SCOLAIRE;BAC TECHNOLOGIQUE;STD2A;BAC STD2A SCIENCES & TECHNO. DESIGN-ARTS APPLIQUES;32.0;32.0;32.0;0.0;0.0;0.0;0.0;32.0;0.0;3.0;13.0;12.0;4.0;0.0
2021;NANTES;GARCONS;SCOLAIRE;BAC TECHNOLOGIQUE;STL;BAC STL BIOCHIM.-BIOLOGIE-BIOTECHNOL.;62.0;62.0;53.0;0.0;9.0;6.0;3.0;59.0;0.0;0.0;6.0;27.0;26.0;3.0
2021;NANTES;GARCONS;SCOLAIRE;BAC TECHNOLOGIQUE;STL;BAC STL SCIENCES PHYSIQUES CHIMIQUES  EN LABORAT.;77.0;77.0;64.0;4.0;9.0;4.0;5.0;68.0;0.0;2.0;8.0;29.0;29.0;9.0
2021;NANTES;FILLES;APPRENTISSAGE;BAC PROFESSIONNEL;BAC PRO PRODUCTION AGRI;BAC PRO AG 21114 CONDUITE PRODUCTIONS HORTICOLES;1.0;0.0;0.0;0.0;0.0;0.0;0.0;0.0;0.0;0.0;0.0;0.0;0.0;0.0
2021;NANTES;FILLES;APPRENTISSAGE;BAC PROFESSIONNEL;BAC PRO PRODUCTION MEN;BAC PRO 22503 PLASTIQUES ET COMPOSITES;2.0;2.0;2.0;0.0;0.0;0.0;0.0;2.0;0.0;1.0;1.0;0.0;0.0;0.0
2021;NANTES;FILLES;APPRENTISSAGE;BAC PROFESSIONNEL;BAC PRO PRODUCTION MEN;BAC PRO 25007 MAINTENANCE EQUIPEMENTS INDUST.;2.0;2.0;2.0;0.0;0.0;0.0;0.0;2.0;0.0;1.0;1.0;0.0;0.0;0.0
2021;NANTES;FILLES;APPRENTISSAGE;BAC PROFESSIONNEL;BAC PRO PRODUCTION MEN;BAC PRO 25214 MAINT.VEHIC.OPTA VOIT.PARTICUL.;10.0;10.0;10.0;0.0;0.0;0.0;0.0;10.0;0.0;5.0;2.0;3.0;0.0;0.0
2021;NANTES;FILLES;APPRENTISSAGE;BAC PROFESSIONNEL;BAC PRO PRODUCTION MEN;BAC PRO 25215 MAINT.VEHIC.OPTB VEHIC.TRANS.ROUT;3.0;3.0;2.0;1.0;0.0;0.0;0.0;2.0;0.0;0.0;0.0;0.0;2.0;1.0
2021;NANTES;FILLES;APPRENTISSAGE;BAC PROFESSIONNEL;BAC PRO SERVICES MEN;BAC PRO 33403 COMMERC. SERVICES EN RESTAURATION;34.0;34.0;30.0;1.0;3.0;0.0;3.0;30.0;0.0;2.0;4.0;12.0;12.0;4.0
2021;NANTES;FILLES;FORMATION CONTINUE;BAC PROFESSIONNEL;BAC PRO PRODUCTION MEN;BAC PRO 24203 METIERS DE LA MODE - VÊTEMENT;5.0;5.0;5.0;0.0;0.0;0.0;0.0;5.0;0.0;0.0;2.0;0.0;3.0;0.0
2021;NANTES;FILLES;FORMATION CONTINUE;BAC PROFESSIONNEL;BAC PRO SERVICES MEN;BAC PRO 33102 PROTHESE DENTAIRE;7.0;7.0;7.0;0.0;0.0;0.0;0.0;7.0;0.0;0.0;1.0;4.0;2.0;0.0
2021;NANTES;FILLES;INDIVIDUEL;BAC PROFESSIONNEL;BAC PRO PRODUCTION AGRI;BAC PRO AG 21004 CGEA;8.0;5.0;1.0;4.0;0.0;0.0;0.0;1.0;0.0;0.0;0.0;0.0;1.0;4.0
2021;NANTES;FILLES;INDIVIDUEL;BAC PROFESSIONNEL;BAC PRO SERVICES MEN;BAC PRO 30001 GESTION-ADMINISTRATION;13.0;11.0;6.0;3.0;2.0;0.0;2.0;6.0;0.0;0.0;1.0;3.0;2.0;5.0
2021;NANTES;FILLES;INDIVIDUEL;BAC PROFESSIONNEL;BAC PRO SERVICES MEN;BAC PRO 32303 ART.& MET.ART:COM.VIS.VIS.PLURI-M;1.0;1.0;1.0;0.0;0.0;0.0;0.0;1.0;0.0;0.0;0.0;1.0;0.0;0.0
2021;NANTES;FILLES;INDIVIDUEL;BAC PROFESSIONNEL;BAC PRO SERVICES MEN;BAC PRO 33003 ACC.SOINS-S.PERS. OPT.A DOMICILE;1.0;1.0;1.0;0.0;0.0;0.0;0.0;1.0;0.0;0.0;0.0;1.0;0.0;0.0
2021;NANTES;FILLES;INDIVIDUEL;BAC PROFESSIONNEL;BAC PRO SERVICES MEN;BAC PRO 33004 ACC.SOINS-S.PERS. OPT.EN STRUCTUR;11.0;7.0;5.0;0.0;2.0;1.0;1.0;6.0;0.0;0.0;0.0;1.0;5.0;1.0
2021;NANTES;FILLES;INDIVIDUEL;BAC PROFESSIONNEL;BAC PRO SERVICES MEN;BAC PRO 33603 ESTHETIQUE COSMETIQUE PARFUMERIE;1.0;1.0;1.0;0.0;0.0;0.0;0.0;1.0;0.0;0.0;0.0;1.0;0.0;0.0
2021;NANTES;FILLES;INDIVIDUEL;BAC TECHNOLOGIQUE;STI2D;BAC STI2D INNOVATION TECHNO.  ET ECO CONCEPTION;1.0;0.0;0.0;0.0;0.0;0.0;0.0;0.0;0.0;0.0;0.0;0.0;0.0;0.0
2021;NANTES;FILLES;SCOLAIRE;BAC PROFESSIONNEL;BAC PRO PRODUCTION MEN;BAC PRO 22106 CUISINE;70.0;70.0;64.0;2.0;4.0;3.0;1.0;67.0;0.0;7.0;14.0;30.0;16.0;3.0
2021;NANTES;FILLES;SCOLAIRE;BAC PROFESSIONNEL;BAC PRO PRODUCTION MEN;BAC PRO 22403 ARTS.& MET.ART:MET.ENSEIGN SIGNA;9.0;9.0;9.0;0.0;0.0;0.0;0.0;9.0;0.0;2.0;2.0;3.0;2.0;0.0
2021;NANTES;FILLES;SCOLAIRE;BAC PROFESSIONNEL;BAC PRO PRODUCTION MEN;BAC PRO 22703 TECHN.INSTALL.SYST.ENERG.CLIMATI;1.0;1.0;1.0;0.0;0.0;0.0;0.0;1.0;0.0;0.0;0.0;0.0;1.0;0.0
2021;NANTES;FILLES;SCOLAIRE;BAC PROFESSIONNEL;BAC PRO PRODUCTION MEN;BAC PRO 23405 TECHNICIEN MENUISIER AGENCEUR;8.0;8.0;7.0;0.0;1.0;0.0;1.0;7.0;0.0;1.0;1.0;4.0;1.0;1.0
2021;NANTES;FILLES;SCOLAIRE;BAC PROFESSIONNEL;BAC PRO PRODUCTION MEN;BAC PRO 24203 METIERS DE LA MODE - VÊTEMENT;200.0;200.0;183.0;13.0;4.0;4.0;0.0;187.0;0.0;32.0;42.0;69.0;44.0;13.0
2021;NANTES;FILLES;SCOLAIRE;BAC PROFESSIONNEL;BAC PRO PRODUCTION MEN;BAC PRO 25214 MAINT.VEHIC.OPTA VOIT.PARTICUL.;8.0;8.0;6.0;2.0;0.0;0.0;0.0;6.0;0.0;0.0;1.0;4.0;1.0;2.0
2021;NANTES;FILLES;SCOLAIRE;BAC PROFESSIONNEL;BAC PRO PRODUCTION MEN;BAC PRO 25406 OUVRAGES DU BATIMENT METALLERIE;1.0;1.0;1.0;0.0;0.0;0.0;0.0;1.0;0.0;0.0;0.0;0.0;1.0;0.0
2021;NANTES;FILLES;SCOLAIRE;BAC PROFESSIONNEL;BAC PRO SERVICES AGRI;BAC PRO AG 33002 SERV PERS TERRIT;862.0;854.0;821.0;33.0;0.0;0.0;0.0;821.0;0.0;9.0;123.0;375.0;314.0;33.0
2021;NANTES;FILLES;SCOLAIRE;BAC TECHNOLOGIQUE;STI2D;BAC STI2D ARCHITECTURE ET CONSTRUCTION;52.0;52.0;50.0;0.0;2.0;0.0;2.0;50.0;0.0;4.0;7.0;25.0;14.0;2.0
2021;NANTES;GARCONS;APPRENTISSAGE;BAC PROFESSIONNEL;BAC PRO PRODUCTION AGRI;BAC PRO AG 21211 COND GEST ENTR HIPPIQUE;11.0;10.0;9.0;1.0;0.0;0.0;0.0;9.0;0.0;0.0;0.0;3.0;6.0;1.0
2021;NANTES;GARCONS;APPRENTISSAGE;BAC PROFESSIONNEL;BAC PRO PRODUCTION MEN;BAC PRO 23004 TECHN. ETUDES BAT.A ETUDES & ECO.;3.0;3.0;3.0;0.0;0.0;0.0;0.0;3.0;0.0;0.0;0.0;2.0;1.0;0.0
2021;NANTES;GARCONS;APPRENTISSAGE;BAC PROFESSIONNEL;BAC PRO PRODUCTION MEN;BAC PRO 23405 TECHNICIEN MENUISIER AGENCEUR;7.0;7.0;5.0;1.0;1.0;1.0;0.0;6.0;0.0;0.0;1.0;2.0;3.0;1.0
2021;NANTES;GARCONS;APPRENTISSAGE;BAC PROFESSIONNEL;BAC PRO PRODUCTION MEN;BAC PRO 25107 TECHNICIEN OUTILLEUR;11.0;11.0;8.0;0.0;3.0;2.0;1.0;10.0;0.0;0.0;2.0;3.0;5.0;1.0
2021;NANTES;GARCONS;APPRENTISSAGE;BAC PROFESSIONNEL;BAC PRO PRODUCTION MEN;BAC PRO 25214 MAINT.VEHIC.OPTA VOIT.PARTICUL.;233.0;233.0;201.0;27.0;5.0;2.0;3.0;203.0;0.0;7.0;48.0;82.0;66.0;30.0
2021;NANTES;GARCONS;APPRENTISSAGE;BAC PROFESSIONNEL;BAC PRO PRODUCTION MEN;BAC PRO 25215 MAINT.VEHIC.OPTB VEHIC.TRANS.ROUT;59.0;58.0;48.0;5.0;5.0;4.0;1.0;52.0;0.0;4.0;6.0;17.0;25.0;6.0
2021;NANTES;GARCONS;APPRENTISSAGE;BAC PROFESSIONNEL;BAC PRO PRODUCTION MEN;BAC PRO 25216 MAINT.VEHIC.OPTC MOTOCYCLES;17.0;17.0;15.0;2.0;0.0;0.0;0.0;15.0;0.0;1.0;5.0;4.0;5.0;2.0
2021;NANTES;GARCONS;APPRENTISSAGE;BAC PROFESSIONNEL;BAC PRO PRODUCTION MEN;BAC PRO 25221 MAINT.MATERIELS OPT.C ESP. VERTS;27.0;27.0;23.0;1.0;3.0;1.0;2.0;24.0;0.0;3.0;4.0;12.0;5.0;3.0
2021;NANTES;GARCONS;APPRENTISSAGE;BAC PROFESSIONNEL;BAC PRO PRODUCTION MEN;BAC PRO 25406 OUVRAGES DU BATIMENT METALLERIE;6.0;6.0;6.0;0.0;0.0;0.0;0.0;6.0;0.0;0.0;1.0;4.0;1.0;0.0
2021;NANTES;GARCONS;APPRENTISSAGE;BAC PROFESSIONNEL;BAC PRO PRODUCTION MEN;BAC PRO 25509 TECHNIC. FROID CONDITIONNEMT AIR;13.0;13.0;11.0;2.0;0.0;0.0;0.0;11.0;0.0;1.0;4.0;3.0;3.0;2.0
2021;NANTES;GARCONS;APPRENTISSAGE;BAC PROFESSIONNEL;BAC PRO PRODUCTION MEN;BAC PRO 25510 METIERS ELECT. ENVIRON. CONNECTES;106.0;106.0;100.0;4.0;2.0;2.0;0.0;102.0;0.0;7.0;30.0;39.0;26.0;4.0
2021;NANTES;GARCONS;APPRENTISSAGE;BAC PROFESSIONNEL;BAC PRO SERVICES MEN;BAC PRO 33403 COMMERC. SERVICES EN RESTAURATION;31.0;31.0;26.0;3.0;2.0;1.0;1.0;27.0;0.0;0.0;5.0;12.0;10.0;4.0
2021;NANTES;GARCONS;ENSEIGNEMENT A DISTANCE;BAC PROFESSIONNEL;BAC PRO PRODUCTION AGRI;BAC PRO AG 21004 CGEA;7.0;6.0;6.0;0.0;0.0;0.0;0.0;6.0;0.0;0.0;0.0;0.0;6.0;0.0
2021;NANTES;GARCONS;ENSEIGNEMENT A DISTANCE;BAC PROFESSIONNEL;BAC PRO PRODUCTION AGRI;BAC PRO AG 21114 CONDUITE PRODUCTIONS HORTICOLES;11.0;10.0;10.0;0.0;0.0;0.0;0.0;10.0;0.0;0.0;0.0;0.0;10.0;0.0
2021;NANTES;GARCONS;FORMATION CONTINUE;BAC PROFESSIONNEL;BAC PRO PRODUCTION MEN;BAC PRO 22003 BIO-INDUSTRIES DE TRANSFORMATION;1.0;1.0;0.0;1.0;0.0;0.0;0.0;0.0;0.0;0.0;0.0;0.0;0.0;1.0
2021;NANTES;GARCONS;FORMATION CONTINUE;BAC PROFESSIONNEL;BAC PRO PRODUCTION MEN;BAC PRO 23404 TECHNICIEN CONSTRUCTEUR BOIS;2.0;2.0;2.0;0.0;0.0;0.0;0.0;2.0;0.0;2.0;0.0;0.0;0.0;0.0
2021;NANTES;GARCONS;FORMATION CONTINUE;BAC PROFESSIONNEL;BAC PRO SERVICES MEN;BAC PRO 31202 COMMERCE;11.0;10.0;9.0;0.0;1.0;1.0;0.0;10.0;0.0;0.0;4.0;3.0;3.0;0.0
2021;NANTES;GARCONS;FORMATION CONTINUE;BAC PROFESSIONNEL;BAC PRO SERVICES MEN;BAC PRO 33102 PROTHESE DENTAIRE;5.0;5.0;5.0;0.0;0.0;0.0;0.0;5.0;0.0;0.0;1.0;3.0;1.0;0.0
2021;NANTES;GARCONS;INDIVIDUEL;BAC PROFESSIONNEL;BAC PRO PRODUCTION AGRI;BAC PRO AG 21405 AMENAGEMENTS PAYSAGERS;1.0;1.0;0.0;1.0;0.0;0.0;0.0;0.0;0.0;0.0;0.0;0.0;0.0;1.0
2021;NANTES;GARCONS;INDIVIDUEL;BAC PROFESSIONNEL;BAC PRO SERVICES MEN;BAC PRO 31202 COMMERCE;15.0;12.0;10.0;2.0;0.0;0.0;0.0;10.0;0.0;0.0;1.0;1.0;8.0;2.0
2021;NANTES;GARCONS;INDIVIDUEL;BAC TECHNOLOGIQUE;STMG;BAC STMG SYSTEMES D'INFORMATION DE GESTION;2.0;1.0;0.0;0.0;1.0;0.0;1.0;0.0;0.0;0.0;0.0;0.0;0.0;1.0
2021;NANTES;GARCONS;SCOLAIRE;BAC PROFESSIONNEL;BAC PRO PRODUCTION MEN;BAC PRO 22704 TECHN. MAINT. SYST.ENERG.CLIMATI;7.0;7.0;4.0;2.0;1.0;0.0;1.0;4.0;0.0;0.0;0.0;0.0;4.0;3.0
2021;NANTES;GARCONS;SCOLAIRE;BAC PROFESSIONNEL;BAC PRO PRODUCTION MEN;BAC PRO 23102 TRAVAUX PUBLICS;4.0;4.0;4.0;0.0;0.0;0.0;0.0;4.0;0.0;0.0;3.0;1.0;0.0;0.0
2021;NANTES;GARCONS;SCOLAIRE;BAC PROFESSIONNEL;BAC PRO PRODUCTION MEN;BACPRO 23103 TECHNICIEN GEOMETRE-TOPOGRAPHE;22.0;22.0;13.0;6.0;3.0;2.0;1.0;15.0;0.0;0.0;2.0;4.0;9.0;7.0
2021;NANTES;GARCONS;SCOLAIRE;BAC PROFESSIONNEL;BAC PRO PRODUCTION MEN;BAC PRO 23303 MENUISERIE ALUMINIUM-VERRE;19.0;19.0;15.0;3.0;1.0;1.0;0.0;16.0;0.0;0.0;0.0;7.0;9.0;3.0
2021;NANTES;GARCONS;SCOLAIRE;BAC PROFESSIONNEL;BAC PRO PRODUCTION MEN;BAC PRO 23404 TECHNICIEN CONSTRUCTEUR BOIS;25.0;25.0;17.0;6.0;2.0;1.0;1.0;18.0;0.0;1.0;3.0;7.0;7.0;7.0
2021;NANTES;GARCONS;SCOLAIRE;BAC PROFESSIONNEL;BAC PRO PRODUCTION MEN;BAC PRO 25007 MAINTENANCE EQUIPEMENTS INDUST.;271.0;271.0;215.0;41.0;15.0;6.0;9.0;221.0;0.0;15.0;54.0;82.0;70.0;50.0
2021;NANTES;GARCONS;SCOLAIRE;BAC PROFESSIONNEL;BAC PRO PRODUCTION MEN;BAC PRO 25219 MAINT.MATERIELS OPT.A AGRICOLES;39.0;39.0;36.0;1.0;2.0;0.0;2.0;36.0;0.0;7.0;10.0;12.0;7.0;3.0
2021;NANTES;GARCONS;SCOLAIRE;BAC PROFESSIONNEL;BAC PRO PRODUCTION MEN;BAC PRO 25221 MAINT.MATERIELS OPT.C ESP. VERTS;19.0;19.0;17.0;2.0;0.0;0.0;0.0;17.0;0.0;0.0;4.0;7.0;6.0;2.0
2021;NANTES;GARCONS;SCOLAIRE;BAC PROFESSIONNEL;BAC PRO PRODUCTION MEN;BAC PRO 25411 TECH.CHAUDRONNERIE INDUSTRIELLE;83.0;83.0;66.0;13.0;4.0;3.0;1.0;69.0;0.0;3.0;17.0;20.0;29.0;14.0
2021;NANTES;GARCONS;SCOLAIRE;BAC PROFESSIONNEL;BAC PRO PRODUCTION MEN;BAC PRO 25509 TECHNIC. FROID CONDITIONNEMT AIR;46.0;46.0;36.0;8.0;2.0;2.0;0.0;38.0;0.0;3.0;7.0;13.0;15.0;8.0
2021;NANTES;GARCONS;SCOLAIRE;BAC PROFESSIONNEL;BAC PRO PRODUCTION MEN;BAC PRO 25514 SYST.NUM.OPT.B AUD.RES.EQUIP.DOM.;91.0;91.0;85.0;6.0;0.0;0.0;0.0;85.0;0.0;4.0;29.0;33.0;19.0;6.0
2021;NANTES;GARCONS;SCOLAIRE;BAC PROFESSIONNEL;BAC PRO SERVICES MEN;BAC PRO 31106 LOGISTIQUE;81.0;81.0;63.0;5.0;13.0;8.0;5.0;71.0;0.0;0.0;8.0;31.0;32.0;10.0
2021;NANTES;GARCONS;SCOLAIRE;BAC PROFESSIONNEL;BAC PRO SERVICES MEN;BAC PRO 31202 COMMERCE;586.0;583.0;511.0;37.0;35.0;17.0;18.0;528.0;0.0;17.0;110.0;213.0;188.0;55.0
2021;NANTES;GARCONS;SCOLAIRE;BAC PROFESSIONNEL;BAC PRO SERVICES MEN;BAC PRO 32303 ART.& MET.ART:COM.VIS.VIS.PLURI-M;41.0;41.0;40.0;1.0;0.0;0.0;0.0;40.0;0.0;4.0;11.0;17.0;8.0;1.0
2021;NANTES;GARCONS;SCOLAIRE;BAC PROFESSIONNEL;BAC PRO SERVICES MEN;BAC PRO 33003 ACC.SOINS-S.PERS. OPT.A DOMICILE;10.0;10.0;7.0;3.0;0.0;0.0;0.0;7.0;0.0;0.0;0.0;3.0;4.0;3.0
2021;NANTES;GARCONS;SCOLAIRE;BAC PROFESSIONNEL;BAC PRO SERVICES MEN;BAC PRO 33603 ESTHETIQUE COSMETIQUE PARFUMERIE;1.0;1.0;1.0;0.0;0.0;0.0;0.0;1.0;0.0;0.0;1.0;0.0;0.0;0.0
2021;NANTES;GARCONS;SCOLAIRE;BAC PROFESSIONNEL;BAC PRO SERVICES MEN;BAC PRO 34303 GEST. POLLUTIONS PROTEC. ENVIRON.;6.0;6.0;5.0;1.0;0.0;0.0;0.0;5.0;0.0;0.0;0.0;2.0;3.0;1.0
2021;NANTES;GARCONS;SCOLAIRE;BAC PROFESSIONNEL;BAC PRO SERVICES MEN;BAC PRO 34403 METIERS DE LA SECURITE;91.0;90.0;90.0;0.0;0.0;0.0;0.0;90.0;0.0;6.0;28.0;45.0;11.0;0.0
2021;NANTES;FILLES;APPRENTISSAGE;BAC PROFESSIONNEL;BAC PRO PRODUCTION AGRI;BAC PRO AG 21004 CGEA;14.0;14.0;14.0;0.0;0.0;0.0;0.0;14.0;0.0;0.0;1.0;4.0;9.0;0.0
2021;NANTES;FILLES;APPRENTISSAGE;BAC PROFESSIONNEL;BAC PRO PRODUCTION AGRI;BAC PRO AG 21113 CGEVV;2.0;2.0;2.0;0.0;0.0;0.0;0.0;2.0;0.0;0.0;0.0;0.0;2.0;0.0
2021;NANTES;FILLES;APPRENTISSAGE;BAC PROFESSIONNEL;BAC PRO PRODUCTION AGRI;BAC PRO AG 22107 TEC CONS VTE ALIMENTATION P.ALIM;2.0;2.0;2.0;0.0;0.0;0.0;0.0;2.0;0.0;0.0;0.0;0.0;2.0;0.0
2021;NANTES;FILLES;APPRENTISSAGE;BAC PROFESSIONNEL;BAC PRO PRODUCTION MEN;BAC PRO 23304 AMENAGEMENT FINITION BATIMENT;1.0;1.0;0.0;1.0;0.0;0.0;0.0;0.0;0.0;0.0;0.0;0.0;0.0;1.0
2021;NANTES;FILLES;APPRENTISSAGE;BAC PROFESSIONNEL;BAC PRO PRODUCTION MEN;BAC PRO 24203 METIERS DE LA MODE - VÊTEMENT;1.0;1.0;0.0;0.0;1.0;1.0;0.0;1.0;0.0;0.0;0.0;0.0;1.0;0.0
2021;NANTES;FILLES;APPRENTISSAGE;BAC PROFESSIONNEL;BAC PRO PRODUCTION MEN;BAC PRO 25219 MAINT.MATERIELS OPT.A AGRICOLES;1.0;1.0;0.0;1.0;0.0;0.0;0.0;0.0;0.0;0.0;0.0;0.0;0.0;1.0
2021;NANTES;FILLES;APPRENTISSAGE;BAC PROFESSIONNEL;BAC PRO SERVICES MEN;BAC PRO 31202 COMMERCE;260.0;259.0;213.0;17.0;29.0;21.0;8.0;234.0;0.0;10.0;44.0;92.0;88.0;25.0
2021;NANTES;FILLES;APPRENTISSAGE;BAC PROFESSIONNEL;BAC PRO SERVICES MEN;BAC PRO 33004 ACC.SOINS-S.PERS. OPT.EN STRUCTUR;7.0;7.0;7.0;0.0;0.0;0.0;0.0;7.0;0.0;0.0;1.0;4.0;2.0;0.0
2021;NANTES;FILLES;ENSEIGNEMENT A DISTANCE;BAC TECHNOLOGIQUE;STMG;BAC STMG MERCATIQUE (MARKETING);4.0;4.0;4.0;0.0;0.0;0.0;0.0;4.0;0.0;0.0;3.0;1.0;0.0;0.0
2021;NANTES;FILLES;ENSEIGNEMENT A DISTANCE;BAC TECHNOLOGIQUE;STMG;BAC STMG RESSOURCES HUMAINES ET COMMUNICATION;5.0;5.0;5.0;0.0;0.0;0.0;0.0;5.0;0.0;0.0;1.0;3.0;1.0;0.0
2021;NANTES;FILLES;FORMATION CONTINUE;BAC PROFESSIONNEL;BAC PRO PRODUCTION MEN;BAC PRO 20102 PILOTE DE LIGNE DE PRODUCTION;5.0;5.0;4.0;1.0;0.0;0.0;0.0;4.0;0.0;0.0;1.0;2.0;1.0;1.0
2021;NANTES;FILLES;FORMATION CONTINUE;BAC PROFESSIONNEL;BAC PRO PRODUCTION MEN;BAC PRO 25214 MAINT.VEHIC.OPTA VOIT.PARTICUL.;1.0;1.0;1.0;0.0;0.0;0.0;0.0;1.0;0.0;1.0;0.0;0.0;0.0;0.0
2021;NANTES;FILLES;FORMATION CONTINUE;BAC PROFESSIONNEL;BAC PRO PRODUCTION MEN;BAC PRO 25510 METIERS ELECT. ENVIRON. CONNECTES;4.0;4.0;4.0;0.0;0.0;0.0;0.0;4.0;0.0;4.0;0.0;0.0;0.0;0.0
2021;NANTES;FILLES;FORMATION CONTINUE;BAC PROFESSIONNEL;BAC PRO SERVICES MEN;BAC PRO 31202 COMMERCE;6.0;6.0;3.0;1.0;2.0;1.0;1.0;4.0;0.0;0.0;1.0;2.0;1.0;2.0
2021;NANTES;FILLES;INDIVIDUEL;BAC PROFESSIONNEL;BAC PRO PRODUCTION AGRI;BAC PRO AG 21114 CONDUITE PRODUCTIONS HORTICOLES;3.0;2.0;2.0;0.0;0.0;0.0;0.0;2.0;0.0;0.0;0.0;0.0;2.0;0.0
2021;NANTES;FILLES;INDIVIDUEL;BAC TECHNOLOGIQUE;STAV;BAC STAV AGRONOMIE ALIM ENV TERRITOI;1.0;1.0;0.0;1.0;0.0;0.0;0.0;0.0;0.0;0.0;0.0;0.0;0.0;1.0
2021;NANTES;FILLES;INDIVIDUEL;BAC TECHNOLOGIQUE;STMG;BAC STMG MERCATIQUE (MARKETING);6.0;4.0;1.0;0.0;3.0;1.0;2.0;2.0;0.0;0.0;0.0;0.0;2.0;2.0
2021;NANTES;FILLES;SCOLAIRE;BAC PROFESSIONNEL;BAC PRO PRODUCTION AGRI;BAC PRO AG 21004 CGEA;117.0;117.0;103.0;14.0;0.0;0.0;0.0;103.0;0.0;0.0;13.0;48.0;42.0;14.0
2021;NANTES;FILLES;SCOLAIRE;BAC PROFESSIONNEL;BAC PRO PRODUCTION AGRI;BAC PRO AG 21210 COND GEST ENTR CANIN ET FELIN;34.0;33.0;32.0;1.0;0.0;0.0;0.0;32.0;0.0;0.0;5.0;19.0;8.0;1.0
2021;NANTES;FILLES;SCOLAIRE;BAC PROFESSIONNEL;BAC PRO PRODUCTION AGRI;BAC PRO AG 21211 COND GEST ENTR HIPPIQUE;90.0;88.0;83.0;5.0;0.0;0.0;0.0;83.0;0.0;1.0;11.0;26.0;45.0;5.0
2021;NANTES;FILLES;SCOLAIRE;BAC PROFESSIONNEL;BAC PRO PRODUCTION MEN;BAC PRO 22004 PROC. CHIMIE EAU PAPIERS-CARTONS;3.0;3.0;3.0;0.0;0.0;0.0;0.0;3.0;0.0;0.0;2.0;0.0;1.0;0.0
2021;NANTES;FILLES;SCOLAIRE;BAC PROFESSIONNEL;BAC PRO PRODUCTION MEN;BAC PRO 23005 TECHN. ETUDES BAT B ASSIST.ARCHI.;37.0;37.0;36.0;1.0;0.0;0.0;0.0;36.0;0.0;4.0;20.0;9.0;3.0;1.0
2021;NANTES;FILLES;SCOLAIRE;BAC PROFESSIONNEL;BAC PRO PRODUCTION MEN;BACPRO 23103 TECHNICIEN GEOMETRE-TOPOGRAPHE;5.0;5.0;4.0;1.0;0.0;0.0;0.0;4.0;0.0;0.0;0.0;1.0;3.0;1.0
2021;NANTES;FILLES;SCOLAIRE;BAC PROFESSIONNEL;BAC PRO PRODUCTION MEN;BAC PRO 23407 TECHNIC.FAB.BOIS ET MATERX ASSOC;1.0;1.0;1.0;0.0;0.0;0.0;0.0;1.0;0.0;0.0;0.0;1.0;0.0;0.0
2021;NANTES;FILLES;SCOLAIRE;BAC PROFESSIONNEL;BAC PRO PRODUCTION MEN;BAC PRO 25007 MAINTENANCE EQUIPEMENTS INDUST.;11.0;11.0;10.0;1.0;0.0;0.0;0.0;10.0;0.0;1.0;4.0;2.0;3.0;1.0
2021;NANTES;FILLES;SCOLAIRE;BAC PROFESSIONNEL;BAC PRO PRODUCTION MEN;BAC PRO 25106 TECHNICIEN D'USINAGE;5.0;5.0;5.0;0.0;0.0;0.0;0.0;5.0;0.0;0.0;1.0;1.0;3.0;0.0
2021;NANTES;FILLES;SCOLAIRE;BAC PROFESSIONNEL;BAC PRO PRODUCTION MEN;BAC PRO 25510 METIERS ELECT. ENVIRON. CONNECTES;9.0;9.0;8.0;1.0;0.0;0.0;0.0;8.0;0.0;0.0;4.0;2.0;2.0;1.0
2021;NANTES;FILLES;SCOLAIRE;BAC PROFESSIONNEL;BAC PRO SERVICES MEN;BAC PRO 31107 CONDUCT. TRANSP.ROUT.MARCHANDISES;14.0;14.0;11.0;3.0;0.0;0.0;0.0;11.0;0.0;0.0;3.0;7.0;1.0;3.0
2021;NANTES;FILLES;SCOLAIRE;BAC PROFESSIONNEL;BAC PRO SERVICES MEN;BAC PRO 31108 TRANSPORT;5.0;5.0;5.0;0.0;0.0;0.0;0.0;5.0;0.0;0.0;2.0;1.0;2.0;0.0
2021;NANTES;FILLES;SCOLAIRE;BAC PROFESSIONNEL;BAC PRO SERVICES MEN;BAC PRO 32208 REAL.PR.IMPR.PLURI.OPTB.PR.IMPR.;6.0;6.0;6.0;0.0;0.0;0.0;0.0;6.0;0.0;0.0;0.0;2.0;4.0;0.0
2021;NANTES;FILLES;SCOLAIRE;BAC PROFESSIONNEL;BAC PRO SERVICES MEN;BAC PRO 33603 ESTHETIQUE COSMETIQUE PARFUMERIE;194.0;194.0;186.0;5.0;3.0;1.0;2.0;187.0;0.0;6.0;40.0;88.0;53.0;7.0
2021;NANTES;FILLES;SCOLAIRE;BAC PROFESSIONNEL;BAC PRO SERVICES MEN;BAC PRO 34304 HYGIENE PROPRETE STERILISATION;9.0;9.0;7.0;1.0;1.0;1.0;0.0;8.0;0.0;0.0;2.0;2.0;4.0;1.0
2021;NANTES;FILLES;SCOLAIRE;BAC TECHNOLOGIQUE;STAV;BAC STAV AGRONOMIE ALIM ENV TERRITOI;132.0;132.0;130.0;2.0;0.0;0.0;0.0;130.0;0.0;2.0;20.0;53.0;55.0;2.0
2021;NANTES;FILLES;SCOLAIRE;BAC TECHNOLOGIQUE;STI2D;BAC STI2D SYSTÈME D'INFORMATION  ET NUMERIQUE;25.0;25.0;24.0;0.0;1.0;1.0;0.0;25.0;0.0;2.0;1.0;12.0;10.0;0.0
2021;NANTES;FILLES;SCOLAIRE;BAC TECHNOLOGIQUE;STMG;BAC STMG RESSOURCES HUMAINES ET COMMUNICATION;711.0;711.0;659.0;11.0;41.0;24.0;17.0;683.0;0.0;8.0;87.0;278.0;310.0;28.0
2021;NANTES;GARCONS;APPRENTISSAGE;BAC PROFESSIONNEL;BAC PRO PRODUCTION AGRI;BAC PRO AG 21203 TECHN CONSEIL DE VENTE ANIMAL;2.0;2.0;1.0;1.0;0.0;0.0;0.0;1.0;0.0;0.0;0.0;1.0;0.0;1.0
2021;NANTES;GARCONS;APPRENTISSAGE;BAC PROFESSIONNEL;BAC PRO PRODUCTION AGRI;BAC PRO AG 21303 FORET;1.0;1.0;1.0;0.0;0.0;0.0;0.0;1.0;0.0;0.0;0.0;0.0;1.0;0.0
2021;NANTES;GARCONS;APPRENTISSAGE;BAC PROFESSIONNEL;BAC PRO PRODUCTION AGRI;BAC PRO AG 22107 TEC CONS VTE ALIMENTATION P.ALIM;3.0;3.0;3.0;0.0;0.0;0.0;0.0;3.0;0.0;0.0;0.0;0.0;3.0;0.0
2021;NANTES;GARCONS;APPRENTISSAGE;BAC PROFESSIONNEL;BAC PRO PRODUCTION MEN;BAC PRO 22703 TECHN.INSTALL.SYST.ENERG.CLIMATI;43.0;43.0;35.0;2.0;6.0;5.0;1.0;40.0;0.0;1.0;6.0;18.0;15.0;3.0
2021;NANTES;GARCONS;APPRENTISSAGE;BAC PROFESSIONNEL;BAC PRO PRODUCTION MEN;BAC PRO 22705 TECHNICIEN GAZ;8.0;8.0;8.0;0.0;0.0;0.0;0.0;8.0;0.0;3.0;3.0;2.0;0.0;0.0
2021;NANTES;GARCONS;APPRENTISSAGE;BAC PROFESSIONNEL;BAC PRO PRODUCTION MEN;BAC PRO 23303 MENUISERIE ALUMINIUM-VERRE;23.0;23.0;14.0;7.0;2.0;2.0;0.0;16.0;0.0;2.0;4.0;5.0;5.0;7.0
2021;NANTES;GARCONS;APPRENTISSAGE;BAC PROFESSIONNEL;BAC PRO PRODUCTION MEN;BAC PRO 24203 METIERS DE LA MODE - VÊTEMENT;1.0;1.0;1.0;0.0;0.0;0.0;0.0;1.0;0.0;0.0;0.0;1.0;0.0;0.0
2021;NANTES;GARCONS;APPRENTISSAGE;BAC PROFESSIONNEL;BAC PRO PRODUCTION MEN;BAC PRO 24302 METIERS DU CUIR : MAROQUINERIE;1.0;1.0;1.0;0.0;0.0;0.0;0.0;1.0;0.0;1.0;0.0;0.0;0.0;0.0
2021;NANTES;GARCONS;APPRENTISSAGE;BAC PROFESSIONNEL;BAC PRO PRODUCTION MEN;BAC PRO 25303 AERONAUTIQUE OPTION SYSTEMES;5.0;5.0;5.0;0.0;0.0;0.0;0.0;5.0;0.0;0.0;1.0;4.0;0.0;0.0
2021;NANTES;GARCONS;APPRENTISSAGE;BAC PROFESSIONNEL;BAC PRO PRODUCTION MEN;BAC PRO 25411 TECH.CHAUDRONNERIE INDUSTRIELLE;104.0;104.0;96.0;7.0;1.0;1.0;0.0;97.0;0.0;4.0;26.0;48.0;19.0;7.0
2021;NANTES;GARCONS;APPRENTISSAGE;BAC PROFESSIONNEL;BAC PRO PRODUCTION MEN;BAC PRO 25515 SYST.NUM.OPT.C RES.INF.SYST.COMM.;31.0;31.0;26.0;5.0;0.0;0.0;0.0;26.0;0.0;4.0;14.0;4.0;4.0;5.0
2021;NANTES;GARCONS;APPRENTISSAGE;BAC PROFESSIONNEL;BAC PRO SERVICES MEN;BAC PRO 31106 LOGISTIQUE;54.0;54.0;35.0;15.0;4.0;2.0;2.0;37.0;0.0;2.0;4.0;13.0;18.0;17.0
2021;NANTES;GARCONS;APPRENTISSAGE;BAC PROFESSIONNEL;BAC PRO SERVICES MEN;BAC PRO 31206 VENTE (PROSPECT.NEGO.SUIV.CLIENT;1.0;1.0;1.0;0.0;0.0;0.0;0.0;1.0;0.0;0.0;0.0;1.0;0.0;0.0
2021;NANTES;GARCONS;APPRENTISSAGE;BAC PROFESSIONNEL;BAC PRO SERVICES MEN;BAC PRO 31209 POISSONIER ECAILLER TRAITEUR;2.0;2.0;2.0;0.0;0.0;0.0;0.0;2.0;0.0;0.0;1.0;1.0;0.0;0.0
2021;NANTES;GARCONS;APPRENTISSAGE;BAC PROFESSIONNEL;BAC PRO SERVICES MEN;BAC PRO 32208 REAL.PR.IMPR.PLURI.OPTB.PR.IMPR.;6.0;6.0;5.0;1.0;0.0;0.0;0.0;5.0;0.0;0.0;3.0;1.0;1.0;1.0
2021;NANTES;GARCONS;ENSEIGNEMENT A DISTANCE;BAC GENERAL;GENERALE;BAC GENE 10019 BAC GENERAL;35.0;34.0;33.0;1.0;0.0;0.0;0.0;33.0;0.0;7.0;15.0;8.0;3.0;1.0
2021;NANTES;GARCONS;ENSEIGNEMENT A DISTANCE;BAC TECHNOLOGIQUE;ST2S;BAC ST2S SCIENCES & TECHNO. SANTE & SOCIAL;1.0;1.0;1.0;0.0;0.0;0.0;0.0;1.0;0.0;0.0;1.0;0.0;0.0;0.0
2021;NANTES;GARCONS;ENSEIGNEMENT A DISTANCE;BAC TECHNOLOGIQUE;STMG;BAC STMG GESTION ET FINANCE;1.0;1.0;1.0;0.0;0.0;0.0;0.0;1.0;0.0;0.0;0.0;0.0;1.0;0.0
2021;NANTES;GARCONS;ENSEIGNEMENT A DISTANCE;BAC TECHNOLOGIQUE;STMG;BAC STMG SYSTEMES D'INFORMATION DE GESTION;1.0;1.0;1.0;0.0;0.0;0.0;0.0;1.0;0.0;0.0;1.0;0.0;0.0;0.0
2021;NANTES;GARCONS;FORMATION CONTINUE;BAC PROFESSIONNEL;BAC PRO PRODUCTION MEN;BAC PRO 23004 TECHN. ETUDES BAT.A ETUDES & ECO.;19.0;19.0;16.0;3.0;0.0;0.0;0.0;16.0;0.0;2.0;2.0;5.0;7.0;3.0
2021;NANTES;GARCONS;FORMATION CONTINUE;BAC PROFESSIONNEL;BAC PRO PRODUCTION MEN;BAC PRO 24302 METIERS DU CUIR : MAROQUINERIE;1.0;0.0;0.0;0.0;0.0;0.0;0.0;0.0;0.0;0.0;0.0;0.0;0.0;0.0
2021;NANTES;GARCONS;FORMATION CONTINUE;BAC PROFESSIONNEL;BAC PRO PRODUCTION MEN;BAC PRO 25214 MAINT.VEHIC.OPTA VOIT.PARTICUL.;4.0;4.0;4.0;0.0;0.0;0.0;0.0;4.0;0.0;4.0;0.0;0.0;0.0;0.0
2021;NANTES;GARCONS;FORMATION CONTINUE;BAC PROFESSIONNEL;BAC PRO PRODUCTION MEN;BAC PRO 25215 MAINT.VEHIC.OPTB VEHIC.TRANS.ROUT;1.0;1.0;1.0;0.0;0.0;0.0;0.0;1.0;0.0;0.0;1.0;0.0;0.0;0.0
2021;NANTES;GARCONS;INDIVIDUEL;BAC PROFESSIONNEL;BAC PRO PRODUCTION AGRI;BAC PRO AG 21004 CGEA;5.0;4.0;4.0;0.0;0.0;0.0;0.0;4.0;0.0;0.0;0.0;0.0;4.0;0.0
2021;NANTES;GARCONS;INDIVIDUEL;BAC PROFESSIONNEL;BAC PRO PRODUCTION AGRI;BAC PRO AG 21114 CONDUITE PRODUCTIONS HORTICOLES;5.0;5.0;5.0;0.0;0.0;0.0;0.0;5.0;0.0;0.0;0.0;0.0;5.0;0.0
2021;NANTES;GARCONS;INDIVIDUEL;BAC PROFESSIONNEL;BAC PRO PRODUCTION MEN;BAC PRO 22704 TECHN. MAINT. SYST.ENERG.CLIMATI;2.0;0.0;0.0;0.0;0.0;0.0;0.0;0.0;0.0;0.0;0.0;0.0;0.0;0.0
2021;NANTES;GARCONS;INDIVIDUEL;BAC PROFESSIONNEL;BAC PRO PRODUCTION MEN;BAC PRO 25007 MAINTENANCE EQUIPEMENTS INDUST.;1.0;1.0;0.0;1.0;0.0;0.0;0.0;0.0;0.0;0.0;0.0;0.0;0.0;1.0
2021;NANTES;GARCONS;INDIVIDUEL;BAC PROFESSIONNEL;BAC PRO PRODUCTION MEN;BAC PRO 25214 MAINT.VEHIC.OPTA VOIT.PARTICUL.;3.0;1.0;1.0;0.0;0.0;0.0;0.0;1.0;0.0;0.0;0.0;0.0;1.0;0.0
2021;NANTES;GARCONS;INDIVIDUEL;BAC PROFESSIONNEL;BAC PRO PRODUCTION MEN;BAC PRO 25515 SYST.NUM.OPT.C RES.INF.SYST.COMM.;5.0;4.0;3.0;1.0;0.0;0.0;0.0;3.0;0.0;0.0;0.0;0.0;3.0;1.0
2021;NANTES;GARCONS;INDIVIDUEL;BAC TECHNOLOGIQUE;S2TMD;BAC S2TMD DANSE;1.0;1.0;1.0;0.0;0.0;0.0;0.0;1.0;0.0;0.0;0.0;0.0;1.0;0.0
2021;NANTES;GARCONS;INDIVIDUEL;BAC TECHNOLOGIQUE;STMG;BAC STMG MERCATIQUE (MARKETING);15.0;9.0;3.0;3.0;3.0;2.0;1.0;5.0;0.0;0.0;0.0;0.0;5.0;4.0
2021;NANTES;GARCONS;SCOLAIRE;BAC PROFESSIONNEL;BAC PRO PRODUCTION AGRI;BAC PRO AG 21004 CGEA;314.0;309.0;283.0;26.0;0.0;0.0;0.0;283.0;0.0;3.0;37.0;112.0;131.0;26.0
2021;NANTES;GARCONS;SCOLAIRE;BAC PROFESSIONNEL;BAC PRO PRODUCTION AGRI;BAC PRO AG 21203 TECHN CONSEIL DE VENTE ANIMAL;37.0;36.0;33.0;3.0;0.0;0.0;0.0;33.0;0.0;0.0;3.0;12.0;18.0;3.0
2021;NANTES;GARCONS;SCOLAIRE;BAC PROFESSIONNEL;BAC PRO PRODUCTION AGRI;BAC PRO AG 21210 COND GEST ENTR CANIN ET FELIN;10.0;10.0;10.0;0.0;0.0;0.0;0.0;10.0;0.0;0.0;0.0;3.0;7.0;0.0
2021;NANTES;GARCONS;SCOLAIRE;BAC PROFESSIONNEL;BAC PRO PRODUCTION AGRI;BAC PRO AG 21302 GEST MILIEUX NATURELS FAUNE;56.0;53.0;52.0;1.0;0.0;0.0;0.0;52.0;0.0;3.0;9.0;26.0;14.0;1.0
2021;NANTES;GARCONS;SCOLAIRE;BAC PROFESSIONNEL;BAC PRO PRODUCTION MEN;BACPRO 20002 ETUD.DEFINITION PRDTS INDUSTRIEL;28.0;28.0;22.0;4.0;2.0;2.0;0.0;24.0;0.0;1.0;4.0;10.0;9.0;4.0
2021;NANTES;GARCONS;SCOLAIRE;BAC PROFESSIONNEL;BAC PRO PRODUCTION MEN;BAC PRO 25107 TECHNICIEN OUTILLEUR;12.0;12.0;10.0;1.0;1.0;0.0;1.0;10.0;0.0;0.0;1.0;7.0;2.0;2.0
2021;NANTES;GARCONS;SCOLAIRE;BAC PROFESSIONNEL;BAC PRO PRODUCTION MEN;BAC PRO 25216 MAINT.VEHIC.OPTC MOTOCYCLES;27.0;27.0;24.0;3.0;0.0;0.0;0.0;24.0;0.0;0.0;5.0;13.0;6.0;3.0
2021;NANTES;GARCONS;SCOLAIRE;BAC PROFESSIONNEL;BAC PRO PRODUCTION MEN;BAC PRO 25410 CONSTRUCTION DES CARROSSERIES;15.0;15.0;15.0;0.0;0.0;0.0;0.0;15.0;0.0;1.0;3.0;6.0;5.0;0.0
2021;NANTES;GARCONS;SCOLAIRE;BAC PROFESSIONNEL;BAC PRO SERVICES MEN;BAC PRO 32304 PHOTOGRAPHIE;10.0;10.0;10.0;0.0;0.0;0.0;0.0;10.0;0.0;2.0;4.0;3.0;1.0;0.0
2021;NANTES;GARCONS;SCOLAIRE;BAC TECHNOLOGIQUE;STI2D;BAC STI2D ARCHITECTURE ET CONSTRUCTION;251.0;251.0;234.0;3.0;14.0;10.0;4.0;244.0;0.0;5.0;37.0;108.0;94.0;7.0
2021;NANTES;GARCONS;SCOLAIRE;BAC TECHNOLOGIQUE;STMG;BAC STMG MERCATIQUE (MARKETING);1059.0;1059.0;952.0;16.0;91.0;57.0;34.0;1009.0;0.0;2.0;71.0;378.0;558.0;50.0
2021;NANTES;GARCONS;SCOLAIRE;BAC TECHNOLOGIQUE;STMG;BAC STMG RESSOURCES HUMAINES ET COMMUNICATION;348.0;348.0;291.0;14.0;43.0;20.0;23.0;311.0;0.0;1.0;26.0;115.0;169.0;37.0
2021;NANTES;FILLES;APPRENTISSAGE;BAC PROFESSIONNEL;BAC PRO PRODUCTION AGRI;BAC PRO AG 21203 TECHN CONSEIL DE VENTE ANIMAL;2.0;2.0;2.0;0.0;0.0;0.0;0.0;2.0;0.0;0.0;0.0;1.0;1.0;0.0
2021;NANTES;FILLES;APPRENTISSAGE;BAC PROFESSIONNEL;BAC PRO PRODUCTION AGRI;BAC PRO AG 21211 COND GEST ENTR HIPPIQUE;28.0;27.0;25.0;2.0;0.0;0.0;0.0;25.0;0.0;0.0;3.0;9.0;13.0;2.0
2021;NANTES;FILLES;APPRENTISSAGE;BAC PROFESSIONNEL;BAC PRO PRODUCTION AGRI;BAC PRO AG 21405 AMENAGEMENTS PAYSAGERS;2.0;2.0;2.0;0.0;0.0;0.0;0.0;2.0;0.0;0.0;0.0;1.0;1.0;0.0
2021;NANTES;FILLES;APPRENTISSAGE;BAC PROFESSIONNEL;BAC PRO PRODUCTION MEN;BAC PRO 22105 BOULANGER-PÂTISSIER;6.0;6.0;6.0;0.0;0.0;0.0;0.0;6.0;0.0;0.0;3.0;2.0;1.0;0.0
2021;NANTES;FILLES;APPRENTISSAGE;BAC PROFESSIONNEL;BAC PRO PRODUCTION MEN;BAC PRO 22106 CUISINE;23.0;22.0;21.0;0.0;1.0;1.0;0.0;22.0;0.0;1.0;5.0;3.0;13.0;0.0
2021;NANTES;FILLES;APPRENTISSAGE;BAC PROFESSIONNEL;BAC PRO PRODUCTION MEN;BAC PRO 22705 TECHNICIEN GAZ;1.0;1.0;1.0;0.0;0.0;0.0;0.0;1.0;0.0;1.0;0.0;0.0;0.0;0.0
2021;NANTES;FILLES;APPRENTISSAGE;BAC PROFESSIONNEL;BAC PRO PRODUCTION MEN;BAC PRO 25106 TECHNICIEN D'USINAGE;2.0;2.0;2.0;0.0;0.0;0.0;0.0;2.0;0.0;0.0;1.0;1.0;0.0;0.0
2021;NANTES;FILLES;APPRENTISSAGE;BAC PROFESSIONNEL;BAC PRO PRODUCTION MEN;BAC PRO 25408 REPARATION DES CARROSSERIES;2.0;2.0;2.0;0.0;0.0;0.0;0.0;2.0;0.0;0.0;0.0;2.0;0.0;0.0
2021;NANTES;FILLES;APPRENTISSAGE;BAC PROFESSIONNEL;BAC PRO PRODUCTION MEN;BAC PRO 25515 SYST.NUM.OPT.C RES.INF.SYST.COMM.;1.0;1.0;1.0;0.0;0.0;0.0;0.0;1.0;0.0;0.0;0.0;0.0;1.0;0.0
2021;NANTES;FILLES;APPRENTISSAGE;BAC PROFESSIONNEL;BAC PRO SERVICES MEN;BAC PRO 31209 POISSONIER ECAILLER TRAITEUR;1.0;1.0;1.0;0.0;0.0;0.0;0.0;1.0;0.0;0.0;0.0;0.0;1.0;0.0
2021;NANTES;FILLES;ENSEIGNEMENT A DISTANCE;BAC PROFESSIONNEL;BAC PRO PRODUCTION AGRI;BAC PRO AG 21114 CONDUITE PRODUCTIONS HORTICOLES;11.0;9.0;9.0;0.0;0.0;0.0;0.0;9.0;0.0;0.0;0.0;0.0;9.0;0.0
2021;NANTES;FILLES;FORMATION CONTINUE;BAC PROFESSIONNEL;BAC PRO PRODUCTION AGRI;BAC PRO AG 21113 CGEVV;1.0;0.0;0.0;0.0;0.0;0.0;0.0;0.0;0.0;0.0;0.0;0.0;0.0;0.0
2021;NANTES;FILLES;FORMATION CONTINUE;BAC PROFESSIONNEL;BAC PRO PRODUCTION MEN;BAC PRO 24302 METIERS DU CUIR : MAROQUINERIE;1.0;1.0;1.0;0.0;0.0;0.0;0.0;1.0;0.0;0.0;0.0;0.0;1.0;0.0
2021;NANTES;FILLES;FORMATION CONTINUE;BAC PROFESSIONNEL;BAC PRO SERVICES MEN;BAC PRO 31108 TRANSPORT;2.0;2.0;2.0;0.0;0.0;0.0;0.0;2.0;0.0;0.0;0.0;2.0;0.0;0.0
2021;NANTES;FILLES;INDIVIDUEL;BAC PROFESSIONNEL;BAC PRO PRODUCTION AGRI;BAC PRO AG 21113 CGEVV;1.0;0.0;0.0;0.0;0.0;0.0;0.0;0.0;0.0;0.0;0.0;0.0;0.0;0.0
2021;NANTES;FILLES;INDIVIDUEL;BAC PROFESSIONNEL;BAC PRO SERVICES MEN;BAC PRO 31206 VENTE (PROSPECT.NEGO.SUIV.CLIENT;1.0;0.0;0.0;0.0;0.0;0.0;0.0;0.0;0.0;0.0;0.0;0.0;0.0;0.0
2021;NANTES;FILLES;SCOLAIRE;BAC GENERAL;GENERALE;BAC GENE 10019 BAC GENERAL;11993.0;11992.0;11758.0;34.0;200.0;114.0;86.0;11872.0;185.0;1455.0;3588.0;4413.0;2231.0;120.0
2021;NANTES;FILLES;SCOLAIRE;BAC PROFESSIONNEL;BAC PRO PRODUCTION AGRI;BAC PRO AG 21113 CGEVV;2.0;2.0;2.0;0.0;0.0;0.0;0.0;2.0;0.0;0.0;1.0;0.0;1.0;0.0
2021;NANTES;FILLES;SCOLAIRE;BAC PROFESSIONNEL;BAC PRO PRODUCTION AGRI;BAC PRO AG 21114 CONDUITE PRODUCTIONS HORTICOLES;40.0;39.0;38.0;1.0;0.0;0.0;0.0;38.0;0.0;0.0;7.0;16.0;15.0;1.0
2021;NANTES;FILLES;SCOLAIRE;BAC PROFESSIONNEL;BAC PRO PRODUCTION AGRI;BAC PRO AG 21405 AMENAGEMENTS PAYSAGERS;11.0;11.0;10.0;1.0;0.0;0.0;0.0;10.0;0.0;0.0;3.0;5.0;2.0;1.0
2021;NANTES;FILLES;SCOLAIRE;BAC PROFESSIONNEL;BAC PRO PRODUCTION AGRI;BAC PRO AG 21406 TEC CONS VTE PROD DES JARDINS;18.0;18.0;18.0;0.0;0.0;0.0;0.0;18.0;0.0;1.0;2.0;9.0;6.0;0.0
2021;NANTES;FILLES;SCOLAIRE;BAC PROFESSIONNEL;BAC PRO PRODUCTION MEN;BAC PRO 23408 AGENCEMENT ESPACE ARCHITECTURAL;7.0;7.0;7.0;0.0;0.0;0.0;0.0;7.0;0.0;0.0;2.0;2.0;3.0;0.0
2021;NANTES;FILLES;SCOLAIRE;BAC PROFESSIONNEL;BAC PRO PRODUCTION MEN;BAC PRO 24202 ARTIS.& MET.ART : TAPIS.D'AMEUBL;14.0;14.0;14.0;0.0;0.0;0.0;0.0;14.0;0.0;3.0;6.0;4.0;1.0;0.0
2021;NANTES;FILLES;SCOLAIRE;BAC PROFESSIONNEL;BAC PRO PRODUCTION MEN;BAC PRO 25514 SYST.NUM.OPT.B AUD.RES.EQUIP.DOM.;4.0;4.0;4.0;0.0;0.0;0.0;0.0;4.0;0.0;2.0;1.0;1.0;0.0;0.0
2021;NANTES;FILLES;SCOLAIRE;BAC PROFESSIONNEL;BAC PRO SERVICES MEN;BAC PRO 31210 ACCUEIL -RELATION CLIENTS USAGERS;299.0;299.0;259.0;18.0;22.0;15.0;7.0;274.0;0.0;12.0;57.0;115.0;90.0;25.0
2021;NANTES;FILLES;SCOLAIRE;BAC PROFESSIONNEL;BAC PRO SERVICES MEN;BAC PRO 32303 ART.& MET.ART:COM.VIS.VIS.PLURI-M;42.0;42.0;41.0;0.0;1.0;1.0;0.0;42.0;0.0;5.0;10.0;21.0;6.0;0.0
2021;NANTES;FILLES;SCOLAIRE;BAC PROFESSIONNEL;BAC PRO SERVICES MEN;BAC PRO 33003 ACC.SOINS-S.PERS. OPT.A DOMICILE;139.0;138.0;123.0;8.0;7.0;3.0;4.0;126.0;0.0;6.0;32.0;46.0;42.0;12.0
2021;NANTES;FILLES;SCOLAIRE;BAC PROFESSIONNEL;BAC PRO SERVICES MEN;BAC PRO 33403 COMMERC. SERVICES EN RESTAURATION;86.0;85.0;76.0;5.0;4.0;3.0;1.0;79.0;0.0;7.0;15.0;26.0;31.0;6.0
2021;NANTES;FILLES;SCOLAIRE;BAC TECHNOLOGIQUE;S2TMD;BAC S2TMD DANSE;17.0;17.0;17.0;0.0;0.0;0.0;0.0;17.0;1.0;5.0;9.0;2.0;0.0;0.0
2021;NANTES;FILLES;SCOLAIRE;BAC TECHNOLOGIQUE;STD2A;BAC STD2A SCIENCES & TECHNO. DESIGN-ARTS APPLIQUES;172.0;172.0;172.0;0.0;0.0;0.0;0.0;172.0;0.0;28.0;80.0;54.0;10.0;0.0
2021;NANTES;FILLES;SCOLAIRE;BAC TECHNOLOGIQUE;STI2D;BAC STI2D INNOVATION TECHNO.  ET ECO CONCEPTION;31.0;31.0;28.0;0.0;3.0;1.0;2.0;29.0;0.0;0.0;8.0;6.0;15.0;2.0
2021;NANTES;FILLES;SCOLAIRE;BAC TECHNOLOGIQUE;STL;BAC STL SCIENCES PHYSIQUES CHIMIQUES  EN LABORAT.;93.0;93.0;86.0;1.0;6.0;2.0;4.0;88.0;0.0;3.0;18.0;33.0;34.0;5.0
2021;NANTES;FILLES;SCOLAIRE;BAC TECHNOLOGIQUE;STMG;BAC STMG MERCATIQUE (MARKETING);969.0;968.0;895.0;11.0;62.0;29.0;33.0;924.0;0.0;20.0;147.0;414.0;343.0;44.0
2021;NANTES;GARCONS;APPRENTISSAGE;BAC PROFESSIONNEL;BAC PRO PRODUCTION AGRI;BAC PRO AG 21001 AGRO-EQUIPEMENT;62.0;61.0;51.0;10.0;0.0;0.0;0.0;51.0;0.0;0.0;7.0;15.0;29.0;10.0
2021;NANTES;GARCONS;APPRENTISSAGE;BAC PROFESSIONNEL;BAC PRO PRODUCTION AGRI;BAC PRO AG 21113 CGEVV;7.0;7.0;7.0;0.0;0.0;0.0;0.0;7.0;0.0;0.0;0.0;0.0;7.0;0.0
2021;NANTES;GARCONS;APPRENTISSAGE;BAC PROFESSIONNEL;BAC PRO PRODUCTION AGRI;BAC PRO AG 21114 CONDUITE PRODUCTIONS HORTICOLES;8.0;8.0;8.0;0.0;0.0;0.0;0.0;8.0;0.0;0.0;0.0;3.0;5.0;0.0
2021;NANTES;GARCONS;APPRENTISSAGE;BAC PROFESSIONNEL;BAC PRO PRODUCTION AGRI;BAC PRO AG 21405 AMENAGEMENTS PAYSAGERS;119.0;116.0;114.0;2.0;0.0;0.0;0.0;114.0;0.0;0.0;32.0;44.0;38.0;2.0
2021;NANTES;GARCONS;APPRENTISSAGE;BAC PROFESSIONNEL;BAC PRO PRODUCTION MEN;BAC PRO 22105 BOULANGER-PÂTISSIER;14.0;14.0;13.0;1.0;0.0;0.0;0.0;13.0;0.0;1.0;5.0;6.0;1.0;1.0
2021;NANTES;GARCONS;APPRENTISSAGE;BAC PROFESSIONNEL;BAC PRO PRODUCTION MEN;BAC PRO 22704 TECHN. MAINT. SYST.ENERG.CLIMATI;13.0;13.0;11.0;2.0;0.0;0.0;0.0;11.0;0.0;1.0;4.0;2.0;4.0;2.0
2021;NANTES;GARCONS;APPRENTISSAGE;BAC PROFESSIONNEL;BAC PRO PRODUCTION MEN;BAC PRO 25007 MAINTENANCE EQUIPEMENTS INDUST.;69.0;69.0;63.0;5.0;1.0;1.0;0.0;64.0;0.0;1.0;15.0;23.0;25.0;5.0
2021;NANTES;GARCONS;APPRENTISSAGE;BAC PROFESSIONNEL;BAC PRO PRODUCTION MEN;BAC PRO 25219 MAINT.MATERIELS OPT.A AGRICOLES;59.0;59.0;51.0;5.0;3.0;0.0;3.0;51.0;0.0;3.0;15.0;19.0;14.0;8.0
2021;NANTES;GARCONS;APPRENTISSAGE;BAC PROFESSIONNEL;BAC PRO PRODUCTION MEN;BAC PRO 25408 REPARATION DES CARROSSERIES;36.0;36.0;30.0;4.0;2.0;1.0;1.0;31.0;0.0;1.0;5.0;5.0;20.0;5.0
2021;NANTES;GARCONS;APPRENTISSAGE;BAC PROFESSIONNEL;BAC PRO PRODUCTION MEN;BAC PRO 25410 CONSTRUCTION DES CARROSSERIES;1.0;1.0;1.0;0.0;0.0;0.0;0.0;1.0;0.0;0.0;0.0;0.0;1.0;0.0
2021;NANTES;GARCONS;APPRENTISSAGE;BAC PROFESSIONNEL;BAC PRO SERVICES MEN;BAC PRO 30001 GESTION-ADMINISTRATION;1.0;0.0;0.0;0.0;0.0;0.0;0.0;0.0;0.0;0.0;0.0;0.0;0.0;0.0
2021;NANTES;GARCONS;FORMATION CONTINUE;BAC PROFESSIONNEL;BAC PRO PRODUCTION MEN;BAC PRO 20102 PILOTE DE LIGNE DE PRODUCTION;14.0;14.0;10.0;2.0;2.0;0.0;2.0;10.0;0.0;1.0;3.0;2.0;4.0;4.0
2021;NANTES;GARCONS;FORMATION CONTINUE;BAC PROFESSIONNEL;BAC PRO PRODUCTION MEN;BAC PRO 22703 TECHN.INSTALL.SYST.ENERG.CLIMATI;2.0;2.0;2.0;0.0;0.0;0.0;0.0;2.0;0.0;2.0;0.0;0.0;0.0;0.0
2021;NANTES;GARCONS;FORMATION CONTINUE;BAC PROFESSIONNEL;BAC PRO PRODUCTION MEN;BAC PRO 22704 TECHN. MAINT. SYST.ENERG.CLIMATI;1.0;1.0;1.0;0.0;0.0;0.0;0.0;1.0;0.0;1.0;0.0;0.0;0.0;0.0
2021;NANTES;GARCONS;FORMATION CONTINUE;BAC PROFESSIONNEL;BAC PRO PRODUCTION MEN;BAC PRO 23405 TECHNICIEN MENUISIER AGENCEUR;1.0;1.0;1.0;0.0;0.0;0.0;0.0;1.0;0.0;1.0;0.0;0.0;0.0;0.0
2021;NANTES;GARCONS;INDIVIDUEL;BAC GENERAL;GENERALE;BAC GENE 10019 BAC GENERAL;89.0;68.0;42.0;18.0;8.0;5.0;3.0;47.0;0.0;4.0;5.0;11.0;27.0;21.0
2021;NANTES;GARCONS;INDIVIDUEL;BAC PROFESSIONNEL;BAC PRO PRODUCTION MEN;BAC PRO 25510 METIERS ELECT. ENVIRON. CONNECTES;4.0;2.0;1.0;0.0;1.0;1.0;0.0;2.0;0.0;0.0;0.0;0.0;2.0;0.0
2021;NANTES;GARCONS;INDIVIDUEL;BAC PROFESSIONNEL;BAC PRO SERVICES MEN;BAC PRO 32208 REAL.PR.IMPR.PLURI.OPTB.PR.IMPR.;1.0;1.0;1.0;0.0;0.0;0.0;0.0;1.0;0.0;0.0;0.0;0.0;1.0;0.0
2021;NANTES;GARCONS;INDIVIDUEL;BAC PROFESSIONNEL;BAC PRO SERVICES MEN;BAC PRO 33004 ACC.SOINS-S.PERS. OPT.EN STRUCTUR;1.0;1.0;0.0;0.0;1.0;0.0;1.0;0.0;0.0;0.0;0.0;0.0;0.0;1.0
2021;NANTES;GARCONS;INDIVIDUEL;BAC PROFESSIONNEL;BAC PRO SERVICES MEN;BAC PRO 33102 PROTHESE DENTAIRE;1.0;1.0;1.0;0.0;0.0;0.0;0.0;1.0;0.0;0.0;0.0;0.0;1.0;0.0
2021;NANTES;GARCONS;INDIVIDUEL;BAC TECHNOLOGIQUE;STL;BAC STL SCIENCES PHYSIQUES CHIMIQUES  EN LABORAT.;1.0;1.0;0.0;1.0;0.0;0.0;0.0;0.0;0.0;0.0;0.0;0.0;0.0;1.0
2021;NANTES;GARCONS;INDIVIDUEL;BAC TECHNOLOGIQUE;STMG;BAC STMG RESSOURCES HUMAINES ET COMMUNICATION;10.0;5.0;1.0;1.0;3.0;2.0;1.0;3.0;0.0;0.0;0.0;0.0;3.0;2.0
2021;NANTES;GARCONS;SCOLAIRE;BAC GENERAL;GENERALE;BAC GENE 10019 BAC GENERAL;9163.0;9160.0;8780.0;61.0;319.0;194.0;125.0;8974.0;91.0;778.0;2048.0;3454.0;2603.0;186.0
2021;NANTES;GARCONS;SCOLAIRE;BAC PROFESSIONNEL;BAC PRO PRODUCTION AGRI;BAC PRO AG 21204 PROD-AQUACOLES;26.0;26.0;25.0;1.0;0.0;0.0;0.0;25.0;0.0;1.0;5.0;8.0;11.0;1.0
2021;NANTES;GARCONS;SCOLAIRE;BAC PROFESSIONNEL;BAC PRO PRODUCTION AGRI;BAC PRO AG 21303 FORET;6.0;6.0;6.0;0.0;0.0;0.0;0.0;6.0;0.0;0.0;0.0;2.0;4.0;0.0
2021;NANTES;GARCONS;SCOLAIRE;BAC PROFESSIONNEL;BAC PRO PRODUCTION MEN;BAC PRO 22004 PROC. CHIMIE EAU PAPIERS-CARTONS;24.0;23.0;21.0;1.0;1.0;1.0;0.0;22.0;0.0;0.0;5.0;9.0;8.0;1.0
2021;NANTES;GARCONS;SCOLAIRE;BAC PROFESSIONNEL;BAC PRO PRODUCTION MEN;BAC PRO 22703 TECHN.INSTALL.SYST.ENERG.CLIMATI;47.0;47.0;24.0;15.0;8.0;1.0;7.0;25.0;0.0;0.0;2.0;14.0;9.0;22.0
2021;NANTES;GARCONS;SCOLAIRE;BAC PROFESSIONNEL;BAC PRO PRODUCTION MEN;BAC PRO 23005 TECHN. ETUDES BAT B ASSIST.ARCHI.;49.0;49.0;47.0;2.0;0.0;0.0;0.0;47.0;0.0;3.0;15.0;18.0;11.0;2.0
2021;NANTES;GARCONS;SCOLAIRE;BAC PROFESSIONNEL;BAC PRO PRODUCTION MEN;BAC PRO 23203 TECHNICIEN BAT. : ORG.REAL.GROS O;16.0;16.0;11.0;5.0;0.0;0.0;0.0;11.0;0.0;0.0;2.0;6.0;3.0;5.0
2021;NANTES;GARCONS;SCOLAIRE;BAC PROFESSIONNEL;BAC PRO PRODUCTION MEN;BAC PRO 23405 TECHNICIEN MENUISIER AGENCEUR;107.0;107.0;93.0;7.0;7.0;4.0;3.0;97.0;0.0;3.0;17.0;36.0;41.0;10.0
2021;NANTES;GARCONS;SCOLAIRE;BAC PROFESSIONNEL;BAC PRO PRODUCTION MEN;BAC PRO 25215 MAINT.VEHIC.OPTB VEHIC.TRANS.ROUT;28.0;28.0;22.0;6.0;0.0;0.0;0.0;22.0;0.0;0.0;3.0;11.0;8.0;6.0
2021;NANTES;GARCONS;SCOLAIRE;BAC PROFESSIONNEL;BAC PRO PRODUCTION MEN;BAC PRO 25220 MAINT.MATERIELS OPT.B TP MANUT.;21.0;20.0;15.0;5.0;0.0;0.0;0.0;15.0;0.0;1.0;3.0;6.0;5.0;5.0
2021;NANTES;GARCONS;SCOLAIRE;BAC PROFESSIONNEL;BAC PRO PRODUCTION MEN;BAC PRO 25408 REPARATION DES CARROSSERIES;46.0;46.0;42.0;3.0;1.0;1.0;0.0;43.0;0.0;0.0;7.0;21.0;15.0;3.0
2021;NANTES;GARCONS;SCOLAIRE;BAC PROFESSIONNEL;BAC PRO PRODUCTION MEN;BAC PRO 25513 SYST.NUM.OPT.A SURETE SECURITE;85.0;85.0;78.0;4.0;3.0;2.0;1.0;80.0;0.0;3.0;22.0;26.0;29.0;5.0
2021;NANTES;GARCONS;SCOLAIRE;BAC PROFESSIONNEL;BAC PRO SERVICES MEN;BAC PRO 31206 VENTE (PROSPECT.NEGO.SUIV.CLIENT;205.0;205.0;173.0;17.0;15.0;14.0;1.0;187.0;0.0;3.0;26.0;80.0;78.0;18.0
2021;NANTES;GARCONS;SCOLAIRE;BAC PROFESSIONNEL;BAC PRO SERVICES MEN;BAC PRO 31210 ACCUEIL -RELATION CLIENTS USAGERS;85.0;85.0;65.0;16.0;4.0;4.0;0.0;69.0;0.0;1.0;14.0;25.0;29.0;16.0
2021;NANTES;GARCONS;SCOLAIRE;BAC PROFESSIONNEL;BAC PRO SERVICES MEN;BAC PRO 33002 SERVICES DE PROXIMITE  VIE LOCAL;48.0;48.0;46.0;1.0;1.0;1.0;0.0;47.0;0.0;1.0;3.0;22.0;21.0;1.0
2021;NANTES;GARCONS;SCOLAIRE;BAC PROFESSIONNEL;BAC PRO SERVICES MEN;BAC PRO 33004 ACC.SOINS-S.PERS. OPT.EN STRUCTUR;37.0;37.0;34.0;3.0;0.0;0.0;0.0;34.0;0.0;3.0;5.0;19.0;7.0;3.0
2021;NANTES;GARCONS;SCOLAIRE;BAC PROFESSIONNEL;BAC PRO SERVICES MEN;BAC PRO 33403 COMMERC. SERVICES EN RESTAURATION;108.0;108.0;97.0;7.0;4.0;3.0;1.0;100.0;0.0;1.0;21.0;41.0;37.0;8.0
2021;NANTES;GARCONS;SCOLAIRE;BAC TECHNOLOGIQUE;STHR;BAC STHR SC.&TEC. HOTELLERIE-RESTAURATION;63.0;63.0;59.0;0.0;4.0;4.0;0.0;63.0;0.0;3.0;15.0;26.0;19.0;0.0
2021;NANTES;GARCONS;SCOLAIRE;BAC TECHNOLOGIQUE;STMG;BAC STMG GESTION ET FINANCE;388.0;388.0;349.0;5.0;34.0;21.0;13.0;370.0;0.0;4.0;40.0;150.0;176.0;18.0
2021;NANTES;GARCONS;SCOLAIRE;BAC TECHNOLOGIQUE;STMG;BAC STMG SYSTEMES D'INFORMATION DE GESTION;10.0;10.0;9.0;0.0;1.0;0.0;1.0;9.0;0.0;0.0;1.0;6.0;2.0;1.0
